City,Hotel Name,Star,Hotel EntityId,Check-in,Check-out,Adults,Room Name,Meal Type,Inclusions,Breakfast,Base Fare,Tax,Total Amount,Currency,Refundable,Free Cancel,Rooms In Details,Breakfast Rooms Count
Mumbai,Sea Princess,5,39636496,2026-09-25,2026-09-26,2,Deluxe Room,Breakfast Included,Deluxe Room<br/>Non-smoking<br/>Breakfast Included,Yes,12612.53,0,12612.53,INR,false,false,36,27
Mumbai,"President, Mumbai - IHCL SeleQtions",5,38449652,2026-09-25,2026-09-26,2,Superior City View King Bed,Breakfast Included,"Our Superior Rooms offer 26 square meters of urbane sophistication for the business or leisure traveler. Features and amenities include elegant patterned wooden flooring, queen-sized or twin beds, soft floor rugs and duvets, an ergonomic workstation, high-definition television, and 24-hour in-room dining. The rooms are equipped with dual-line telephones, a tea/coffee maker, and complimentary WiFi. The in-room bar cabinet is stocked with handpicked beverages, snacks, energy bars, and chocolates. Impeccable in-room dining and housekeeping services ensure a smooth and stress-free stay.<br/>Non-smoking<br/>breakfast<br/>Breakfast",Yes,10384.05,2110.67,12494.72,INR,true,true,932,681
Mumbai,Exotic Pool Villa - Gagal Home,5,70694068,2026-09-25,2026-09-26,2,Superior Room,Breakfast Included,Non-smoking<br/>Bed and breakfast<br/>Breakfast<br/>Parking<br/>Welcome drink<br/>Free WiFi,Yes,4361.01,234.12,4595.13,INR,true,true,8,4
Mumbai,The Westin Mumbai Powai Lake,5,38964557,2026-09-25,2026-09-26,2,Room,Breakfast Included," 1 Twin Bed |  Hill View | <p><strong>1 Twin Bed</strong></p><p>280-sq-foot room with hill views </p><br/><p><b>Layout</b> - Bedroom </p><p><b>Internet</b> - Free wired internet access </p><p><b>Entertainment</b> - 42-inch LCD TV, premium channels, and CD player</p><p><b>Food & Drink</b> - Coffee/tea maker, minibar (fees may apply), electric kettle, and 24-hour room service</p><p><b>Sleep</b> - Memory foam bed, premium bedding, turndown service, and bed sheets </p><p><b>Bathroom</b> - Private bathroom, bathtub or shower, bathrobes, and slippers</p><p><b>Practical</b> - Laptop-compatible safe, free newspaper, and iron/ironing board; rollaway beds (surcharge) and cribs (free) available on request</p><p><b>Comfort</b> - Daily housekeeping and climate-controlled heating and air conditioning</p><p><b>Accessibility</b> - Tile flooring in room</p><p><b>Eco-friendly</b> - Recycling bin and LED light bulbs</p><p><b>Need to Know</b> - Housekeeping on request</p><p>Non-Smoking</p><p>Room is accessed via exterior corridors </p><p>Connecting/adjoining rooms can be requested, subject to availability </p><br/>Non-smoking<br/>Breakfast buffet<br/>Free valet parking<br/>Breakfast buffet<br/>Free self parking",Yes,14563,2627.24,16602.69,INR,true,true,397,304
Mumbai,Itc Maratha,5,39659376,2026-09-25,2026-09-26,2,Executive Room,Breakfast Included," 1 King Bed |  City View | <p><strong>1 King Bed</strong></p><p>370-sq-foot room with garden views </p><br/><p><b>Layout</b> - Bedroom </p><p><b>Internet</b> - Free WiFi </p><p><b>Food & Drink</b> - Coffee/tea maker, minibar (fees may apply), electric kettle, and 24-hour room service</p><p><b>Sleep</b> - Premium bedding, a pillow menu, blackout drapes/curtains, and bed sheets </p><p><b>Bathroom</b> - Private bathroom, bathrobes, and a separate bathtub and shower with a hydromassage showerhead</p><p><b>Practical</b> - Safe, iron/ironing board, and laptop workspace; rollaway beds (surcharge) and cribs (free) available on request</p><p><b>Comfort</b> - Fresh bed sheets (on request), climate-controlled air conditioning, and daily housekeeping</p><p><b>Accessibility</b> - Transfer shower, wheelchair accessible, visual fire alarm, wheelchair-accessible vanity height (inches): 42, raised toilet seat height (inches): 40, wheelchair-accessible bathroom vanity, doorbell and phone notification, toilet grab bar height (inches): 24, height-adjusted amenities, low-height electrical outlets in bathroom, phone accessibility kit, raised toilet seat, closed-captioned TV, grab bar near toilet, accessible bathtub, and magnifying mirror</p><p><b>Eco-friendly</b> - LED light bulbs</p><p><b>Need to Know</b> - Housekeeping on request</p><p>Non-Smoking</p><p>Room is accessed via exterior corridors </p><p>Connecting/adjoining rooms can be requested, subject to availability </p><br/>Non-smoking<br/>Free breakfast<br/>Free breakfast<br/>Free internet<br/>Free WiFi<br/>Free self parking",Yes,10905.5,1935.61,12339.93,INR,true,true,226,174
Mumbai,ICONIQA Mumbai International Airport,5,71137592,2026-09-25,2026-09-26,2,Premier Twin Room Smart Laundry,Breakfast Included," Espresso Machine and Non-Alcoholic Mini Bar | <p><strong>2 Twin Beds</strong></p><p>300-sq-foot room, located on the top floor, city views</p><br/><p><b>Layout</b> - Bedroom, dining area, and sitting area</p><p><b>Internet</b> - Free WiFi 100+ Mbps (good for 1–2 people or up to 6 devices) </p><p><b>Entertainment</b> - 55-inch TV with satellite channels</p><p><b>Food & Drink</b> - Espresso maker, minibar (fees may apply), electric kettle, and 24-hour room service</p><p><b>Sleep</b> - Premium bedding, a down duvet, a pillow menu, blackout drapes/curtains, and turndown service </p><p><b>Bathroom</b> - Private bathroom, bathrobes, and a shower with a rainfall showerhead</p><p><b>Practical</b> - Safe, phone, and iron/ironing board (on request); rollaway beds (surcharge) and cribs (free) available on request</p><p><b>Comfort</b> - Fresh bed sheets (on request), fresh towels (on request), and air conditioning</p><p><b>Accessibility</b> - Smooth flooring in room</p><p>Non-Smoking</p><p>Room is accessed via exterior corridors and room/bed type depends on availability at check-in  </p><p>Connecting/adjoining rooms can be requested, subject to availability </p><br/>Non-smoking<br/>Free breakfast<br/>Food/beverage credit or discount<br/>Spa access<br/>Free minibar<br/>Free breakfast<br/>Free valet parking<br/>Free WiFi<br/>Free self parking",Yes,7758.46,1640.35,8953.44,INR,true,true,133,75
Mumbai,Hotel VRC,5,71358500,2026-09-25,2026-09-26,2,Double Room,Breakfast Included,Non-smoking<br/>Bed and breakfast<br/>Breakfast<br/>Parking<br/>Free WiFi<br/>Drinking water,Yes,3067.08,162.81,3229.89,INR,true,true,12,6
Mumbai,Taj Mahal Tower Mumbai,5,32497939,2026-09-25,2026-09-26,2,SUPERIOR,Breakfast Included," KING BED |  CITY VIEW | SUPERIOR, KING BED, CITY VIEW<br/>Non-smoking<br/>Max guests: 3<br/>Max adults: 3<br/>Max children: 0<br/>Breakfast",Yes,26662.44,0,26662.44,INR,true,true,367,220
Mumbai,Courtyard Mumbai International Airport,4,32799941,2026-09-25,2026-09-26,2,Deluxe Room,Breakfast Included," 2 Twin Beds | <p><strong>2 Twin Beds</strong></p><p>323-sq-foot room with city views </p><br/><p><b>Layout</b> - Bedroom </p><p><b>Internet</b> - WiFi </p><p><b>Entertainment</b> - 32-inch LCD TV with premium channels</p><p><b>Food & Drink</b> - Coffee/tea maker, minibar (fees may apply), 24-hour room service, and free bottled water</p><p><b>Sleep</b> - Pillowtop bed, premium bedding, and bed sheets </p><p><b>Bathroom</b> - Private bathroom, shower, bathrobes, and slippers</p><p><b>Practical</b> - Laptop-compatible safe, iron/ironing board, and laptop workspace; rollaway beds (surcharge) and cribs (free) available on request</p><p><b>Comfort</b> - Fresh bed sheets (on request), climate-controlled air conditioning, and daily housekeeping</p><p><b>Accessibility</b> - Hardwood flooring in room</p><p><b>Eco-friendly</b> - Recycling bin</p><p><b>Need to Know</b> - Housekeeping on request</p><p>Non-Smoking</p><p>Connecting/adjoining rooms can be requested, subject to availability </p><br/>Non-smoking<br/>Breakfast buffet<br/>Breakfast buffet<br/>Free valet parking<br/>Free WiFi<br/>Free self parking",Yes,10821,1929.17,12126.2,INR,false,false,541,290
Mumbai,"Aurika, Mumbai International Airport",5,50954592,2026-09-25,2026-09-26,2,Double room,Half Board,Double room<br/>Non-smoking<br/>Half-board,Yes,9068.41,0,9068.41,INR,true,true,262,168
Mumbai,Hotel Lotus Grand ,4,71358342,2026-09-25,2026-09-26,2,Double Room,Breakfast Included,Double Room<br/>Non-smoking<br/>Breakfast Included,Yes,2330.39,0,2330.39,INR,true,true,4,2
Mumbai,The Shalimar,4,39775677,2026-09-25,2026-09-26,2,COMFORT,Breakfast Included,COMFORT<br/>Non-smoking<br/>Max guests: 3<br/>Max adults: 3<br/>Max children: 0<br/>Breakfast,Yes,10257.21,0,10257.21,INR,true,true,127,62
Mumbai,Hotel Peninsula Grand,4,39691066,2026-09-25,2026-09-26,2,Superior Room with Bathtub,Breakfast Included,"Comfort meets convenience, just 3 kms from Mumbai International Airport. The Superior
Room is a well-appointed 220 sq.ft. retreat designed for the smart travellers — whether
you're in Mumbai for business, a layover, or a quick city visit. Sink into a plush bed after
your journey, freshen up with a warm bath in the private bathtub, and settle in with
complimentary Wi-Fi, TV, and a hot cup of tea from the in-room kettle.<br/>Non-smoking<br/>10% discount on room upgrade,10% off laundry service (up to 2 items),early check-in up to 2 hours (subject to availability),late check-out upto 2 hours (subject to availability),guaranteed 10% discount on f&b services,breakfast<br/>10% Discount on Room Upgrade<br/>10% Off Laundry Service (up To 2 Items)<br/>Early Check-In up to 2 Hours (Subject to availability)<br/>Late Check-Out upto 2 hours (subject to availability)<br/>Guaranteed 10% Discount on F&B Services<br/>Breakfast",Yes,5931.17,344.14,6275.31,INR,true,true,117,59
Mumbai,Dragonfly Hotel The Art Hotel,4,16914005,2026-09-25,2026-09-26,2,Deluxe Room,Breakfast Included,Deluxe Room<br/>Non-smoking<br/>breakfast<br/>Breakfast,Yes,6160.77,342.78,6503.55,INR,false,false,244,184
Mumbai,Arnna Hotel - Goregaon,4,41589905,2026-09-25,2026-09-26,2,Standard Room,Breakfast Included,Non-smoking<br/>Bed and breakfast<br/>Breakfast<br/>Parking<br/>Free WiFi<br/>Drinking water,Yes,3263.26,197.5,3460.76,INR,true,true,25,24
Mumbai,Gagal Home - BKC Suite,4,33042080,2026-09-25,2026-09-26,2,Business Class Room,Breakfast Included,Non-smoking<br/>Bed and breakfast<br/>Breakfast<br/>Welcome drink<br/>Free WiFi<br/>Drinking water,Yes,4221.42,229.84,4451.26,INR,true,true,8,4
Mumbai,Gordon House Colaba,4,39660114,2026-09-25,2026-09-26,2,Boutique Room,Breakfast Included,Non-smoking<br/>breakfast<br/>Breakfast,Yes,7759.22,1571.02,9330.24,INR,true,true,130,126
Mumbai,Fairfield By Marriott Mumbai International Airport,3,41442163,2026-09-25,2026-09-26,2,Standard Room,Breakfast Included," 2 Twin Beds |  City View | <p><strong>2 Twin Beds</strong></p><p>215-sq-foot room with city views </p><br/><p><b>Layout</b> - Bedroom and sitting area</p><p><b>Internet</b> - Free WiFi 25+ Mbps </p><p><b>Entertainment</b> - 55-inch Smart TV with premium channels</p><p><b>Food & Drink</b> - Electric kettle, minibar (fees may apply), 24-hour room service, and free bottled water</p><p><b>Sleep</b> - Blackout drapes/curtains and bed sheets </p><p><b>Bathroom</b> - Private bathroom, shower, free toiletries, and a bidet</p><p><b>Practical</b> - Playpen, safe, and free newspaper</p><p><b>Comfort</b> - Fresh bed sheets (on request), fresh towels (on request), and air conditioning</p><p><b>Accessibility</b> - Hardwood flooring in room</p><p><b>Eco-friendly</b> - Recycling bin and LED light bulbs</p><p><b>Need to Know</b> - No cribs (infant beds) or rollaway/extra beds available</p><p>Non-Smoking</p><p>Connecting/adjoining rooms can be requested, subject to availability </p><br/>Non-smoking<br/>Breakfast buffet<br/>Breakfast buffet<br/>Free valet parking<br/>Free WiFi<br/>Free self parking",Yes,8587.15,1313.87,9560.86,INR,true,true,158,79
Mumbai,"The Beatle Hotel, Powai",4,39687403,2026-09-25,2026-09-26,2,Deluxe Room,Breakfast Included,"Deluxe Room<br/>Non-smoking<br/>free telephone calls,breakfast<br/>Free Telephone Calls<br/>Breakfast",Yes,5490.94,306.85,5797.79,INR,true,true,84,42
Mumbai,Bloom Hotel - Bkc Kalina,4,71342128,2026-09-25,2026-09-26,2,Double Room,Breakfast Included," City View | <p><strong>1 King Bed</strong></p><p>200-sq-foot room with city views </p><br/><p><b>Layout</b> - Bedroom </p><p><b>Internet</b> - Free WiFi 50+ Mbps </p><p><b>Entertainment</b> - Flat-screen TV </p><p><b>Food & Drink</b> - Local meal delivery service</p><p><b>Bathroom</b> - Private bathroom, shower, free toiletries, and towels</p><p><b>Practical</b> - Iron/ironing board and restaurant dining guide</p><p><b>Comfort</b> - Climate-controlled air conditioning</p><p>Non-Smoking</p><br/>Non-smoking<br/>Breakfast buffet<br/>Free valet parking<br/>Breakfast buffet<br/>Free WiFi",Yes,11946.7,2401.23,13347,INR,true,true,76,38
Mumbai,Hotel Riva International - Near Nesco Center,3,38359876,2026-09-25,2026-09-26,2,Classic Room,Breakfast Included,Classic Room<br/>Non-smoking<br/>breakfast<br/>Breakfast,Yes,2241.6,128.86,2370.46,INR,true,true,45,22
Mumbai,Hotel Pacific Residency,3,21189471,2026-09-25,2026-09-26,2,Deluxe Room,Breakfast Included," City View | <p><strong>1 Queen Bed</strong></p><p>150-sq-foot room with city views </p><br/><p><b>Layout</b> - Bedroom </p><p><b>Internet</b> - Free WiFi 25+ Mbps </p><p><b>Bathroom</b> - Private bathroom, shower, towels, and shampoo</p><p><b>Practical</b> - Laptop workspace</p><p><b>Comfort</b> - Climate-controlled air conditioning and daily housekeeping</p><p>Non-Smoking</p><br/>Non-smoking<br/>Breakfast buffet<br/>Breakfast buffet<br/>Free WiFi",Yes,3535.96,260.61,3595.4,INR,true,true,30,15
Mumbai,Hotel Priceless,2,55181718,2026-09-25,2026-09-26,2,Deluxe--Room,Breakfast Included,Non-smoking<br/>Bed & Breakfast,Yes,2106.11,99.4,1952.22,INR,true,true,50,26
Mumbai,Mumbai Corporate Apartments,3,72493846,2026-09-25,2026-09-26,2,Deluxe Double Room,Breakfast Included,"<p><strong>1 Double Bed</strong></p><p><b>Layout</b> - Bedroom </p><p><b>Internet</b> - Free WiFi 100+ Mbps (good for 1–2 people or up to 6 devices) </p><p><b>Bathroom</b> - Private bathroom, shower, towels, and shampoo</p><p><b>Practical</b> - Iron/ironing board</p><p><b>Comfort</b> - Daily housekeeping</p><p>Non-Smoking</p><br/>Non-smoking<br/>Free breakfast<br/>Free breakfast<br/>Free WiFi<br/>Free self parking",Yes,4672.51,342.71,4715.51,INR,true,true,2,2
Mumbai,"STAYWOOD SUITES, MUMBAI",3,71358344,2026-09-25,2026-09-26,2,Deluxe Double Room,Breakfast Included,Non-smoking<br/>Bed and breakfast<br/>Breakfast<br/>Parking<br/>Express check-in<br/>Free WiFi,Yes,8213.78,1619.86,9833.64,INR,true,true,4,4
Mumbai,Treebo Trend Laaiba Residency,3,39798796,2026-09-25,2026-09-26,2,Deluxe Room,Breakfast Included,Non-smoking<br/>Bed and breakfast<br/>Breakfast<br/>Free WiFi,Yes,3641.55,200,3841.55,INR,true,true,15,6
Mumbai,Hotel Solitaire Mumbai,3,39659594,2026-09-25,2026-09-26,2,Sapphire Room,Breakfast Included,Sapphire Room<br/>Non-smoking<br/>breakfast<br/>Breakfast,Yes,4530.23,261.21,4791.44,INR,true,true,14,7
Mumbai,Theory9 Premium Serviced Apartments Bandra,3,30959020,2026-09-25,2026-09-26,2,Deluxe Double Room,Breakfast Included,"<p><strong>1 Double Bed</strong></p><p>210 sq feet </p><br/><p><b>Layout</b> - Bedroom and dining area</p><p><b>Internet</b> - Free WiFi </p><p><b>Entertainment</b> - 21-inch LED TV with cable channels</p><p><b>Food & Drink</b> - Refrigerator, microwave,  shared/communal kitchen access, and toaster</p><p><b>Bathroom</b> - Private bathroom, bathtub or shower, and shower or rainfall showerhead</p><p><b>Practical</b> - Clothes dryer, laptop workspace, and wardrobe or closet</p><p><b>Comfort</b> - Climate-controlled air conditioning and daily housekeeping</p><p><b>Accessibility</b> - Wheelchair accessible</p><p><b>Need to Know</b> - Bed sheets not available, no cribs (infant beds) or rollaway/extra beds available</p><p>Non-Smoking</p><p>Room is accessed via exterior corridors </p><br/>Non-smoking<br/>Free breakfast<br/>Free breakfast<br/>Free WiFi",Yes,8088.74,1599.48,9250.58,INR,true,true,8,4
Mumbai,Treebo Trend Sea Side,3,15329934,2026-09-25,2026-09-26,2,Deluxe Double or Twin Room,Breakfast Included, City View  |  2 Twin Beds | Non-smoking<br/>Free breakfast<br/>Free breakfast,Yes,6129.99,311.15,6129.99,INR,true,true,15,11
Mumbai,Hotel Skylink Hospitality,3.5,71197032,2026-09-25,2026-09-26,2,Deluxe Double or Twin Room,Breakfast Included," City View | <p><strong>2 Large Twin Beds</strong></p><p>120-sq-foot room with city views </p><br/><p><b>Layout</b> - Bedroom, dining area, and sitting area</p><p><b>Internet</b> - Free WiFi 250+ Mbps (good for 3–5 people or up to 10 devices) </p><p><b>Entertainment</b> - Flat-screen TV </p><p><b>Food & Drink</b> - Refrigerator and microwave </p><p><b>Bathroom</b> - Private bathroom, bathtub, bathrobes, and slippers</p><p><b>Practical</b> - Laptop workspace and wardrobe or closet</p><p><b>Comfort</b> - Fresh bed sheets (on request), fresh towels (on request), and daily housekeeping</p><p>Non-Smoking</p><br/>Non-smoking<br/>Free breakfast<br/>Free breakfast<br/>Free WiFi<br/>Free self parking",Yes,2873.62,205.13,2882.01,INR,true,true,12,12
Delhi,"Shangri-La Eros, New Delhi",5,38415670,2026-09-25,2026-09-26,2,Horizon Deluxe Room 2 Twins including Breakfast,No Meal,Horizon Deluxe Room 2 Twins including Breakfast<br/>Non-smoking<br/>ROOM ONLY,Yes,20309.2,0,20309.2,INR,false,false,530,216
Delhi,"The Imperial, New Delhi",5,39658270,2026-09-25,2026-09-26,2,Room,Breakfast Included," 1 King Bed (Imperial) | <p><strong>1 King Bed</strong></p><p>300 sq feet </p><br/><p><b>Layout</b> - Bedroom, dining area, and sitting area</p><p><b>Internet</b> - Free WiFi and wired internet access</p><p><b>Entertainment</b> - 40-inch LED TV with premium channels</p><p><b>Food & Drink</b> - Coffee/tea maker, minibar (fees may apply), electric kettle, and 24-hour room service</p><p><b>Sleep</b> - Pillowtop bed, Frette Italian linens, a down duvet, blackout drapes/curtains, and turndown service </p><p><b>Bathroom</b> - Private bathroom, deep soaking bathtub </p><p><b>Practical</b> - Laptop-compatible safe, free newspaper, and iron/ironing board</p><p><b>Comfort</b> - Fresh bed sheets (on request), fresh towels (on request), and air conditioning</p><p><b>Accessibility</b> - Wheelchair accessible</p><p><b>Eco-friendly</b> - Eco-friendly toiletries, eco-friendly cleaning supplies, energy-saving switches, and recycling bin</p><p><b>Need to Know</b> - No rollaway/extra beds available</p><p>Non-Smoking</p><p>Connecting/adjoining rooms can be requested, subject to availability </p><br/>Non-smoking<br/>Free breakfast<br/>Free breakfast<br/>Free WiFi",Yes,42362.74,8650.8,49008.54,INR,true,true,306,167
Delhi,Radisson Blu Marina Hotel Connaught Place,4,39775455,2026-09-25,2026-09-26,2,Standard Room,Breakfast Included,Non-smoking<br/>Bed and breakfast<br/>Breakfast<br/>Free WiFi,Yes,14269.86,2964.81,17234.67,INR,false,false,256,125
Delhi,Hotel Seventh Heaven Delhi,5,72467333,2026-09-25,2026-09-26,2,Deluxe,Breakfast Included,Non-smoking<br/>Bed and breakfast<br/>Breakfast<br/>Parking<br/>Free WiFi,Yes,5482.94,289.52,5772.46,INR,true,true,4,2
Delhi,The Leela Ambience Convention Hotel Delhi,5,39788358,2026-09-25,2026-09-26,2,Deluxe Room,Breakfast Included," 2 Twin Beds |  Park View (Deluxe Twin Room) | <p><strong>2 Twin Beds</strong></p><p>376-sq-foot room with park views </p><br/><p><b>Layout</b> - Bedroom </p><p><b>Internet</b> - Free WiFi </p><p><b>Entertainment</b> - 43-inch LED TV with premium channels</p><p><b>Food & Drink</b> - Coffee/tea maker, minibar (fees may apply), 24-hour room service, and free bottled water</p><p><b>Sleep</b> - A down duvet, a pillow menu, turndown service, and bed sheets </p><p><b>Bathroom</b> - Private bathroom, deep soaking bathtub and separate shower</p><p><b>Practical</b> - Safe, iron/ironing board, and phone</p><p><b>Comfort</b> - Fresh bed sheets (on request), fresh towels (on request), and climate-controlled air conditioning</p><p><b>Need to Know</b> - No cribs (infant beds) or rollaway/extra beds available</p><p>Non-Smoking</p><p>Connecting/adjoining rooms can be requested, subject to availability </p><br/>Non-smoking<br/>Free breakfast<br/>Free valet parking<br/>Free breakfast<br/>Free self parking",Yes,8184.5,1780.75,9542.27,INR,true,true,672,512
Delhi,Holiday Inn New Delhi Aerocity,4,39639575,2026-09-25,2026-09-26,2,Standard Room,Breakfast Included," 1 King Bed |  Non Smoking | <p><strong>1 King Bed</strong></p><p>344 sq feet </p><br/><p><b>Layout</b> - Bedroom </p><p><b>Internet</b> - Free WiFi and wired internet access</p><p><b>Entertainment</b> - 37-inch LED TV with premium channels</p><p><b>Food & Drink</b> - Coffee/tea maker, minibar (fees may apply), 24-hour room service, and free bottled water</p><p><b>Sleep</b> - Premium bedding, a pillow menu, blackout drapes/curtains, turndown service, and bed sheets </p><p><b>Bathroom</b> - Private bathroom, shower, bathrobes, and slippers</p><p><b>Practical</b> - Laptop-compatible safe, free newspaper, and iron/ironing board; rollaway beds (surcharge) and cribs (free) available on request</p><p><b>Comfort</b> - Fresh bed sheets (on request), fresh towels (on request), and daily housekeeping</p><p>Non-Smoking</p><p>Room is accessed via exterior corridors </p><p>Connecting/adjoining rooms can be requested, subject to availability </p><br/>Non-smoking<br/>Breakfast for 2<br/>Free valet parking<br/>Breakfast for 2<br/>Free WiFi<br/>Free self parking",Yes,17128.31,3953.88,20206.39,INR,false,false,778,426
Delhi,Aman Resort,5,17198158,2026-09-25,2026-09-26,2,Room,Breakfast Included," 1 Bedroom |  Balcony (Garden Terrace) 1 King Bed | Room, 1 Bedroom, Balcony (Garden Terrace) 1 King Bed<br/>Non-smoking<br/>Breakfast Included",Yes,52064.2,0,52064.2,INR,true,true,35,18
Delhi,Crowne Plaza Okhla New Delhi,5,39783914,2026-09-25,2026-09-26,2,Standard Room Offers B1G1 on Premium Bev 11amto7pm &15% discount on Food & Soft bev,Breakfast Included," SPA & Laundry | <p><strong>1 Twin Bed</strong></p><p>Overlooking the city</p><br/><p><b>Layout</b> - Bedroom </p><p><b>Internet</b> - Free WiFi </p><p><b>Entertainment</b> - 40-inch flat-screen TV, satellite channels, and DVD player</p><p><b>Food & Drink</b> - Coffee/tea maker, minibar (fees may apply), and 24-hour room service</p><p><b>Sleep</b> - Pillowtop bed, premium bedding, a pillow menu, turndown service, and bed sheets </p><p><b>Bathroom</b> - Private bathroom, shower, bathrobes, and a hair dryer</p><p><b>Practical</b> - Safe, free newspaper, and iron/ironing board; rollaway beds (surcharge) and cribs (free) available on request</p><p><b>Comfort</b> - Air conditioning and daily housekeeping</p><p><b>Accessibility</b> - Wheelchair accessible</p><p><b>Need to Know</b> - Limited housekeeping</p><p>Non-Smoking</p><p>Room/bed type depends on availability at check-in </p><br/>Non-smoking<br/>Breakfast for 2<br/>Free valet parking<br/>Breakfast for 2<br/>Free WiFi<br/>Free self parking",Yes,11953.06,2587.32,13913.56,INR,true,true,881,472
Delhi,Le Meridien New Delhi,5,39676544,2026-09-25,2026-09-26,2,Room,Breakfast Included," 1 Queen Bed | <p><strong>1 Queen Bed</strong></p><p>317-sq-foot room with city views </p><br/><p><b>Layout</b> - Separate sitting area</p><p><b>Internet</b> - Free WiFi and wired internet access</p><p><b>Entertainment</b> - 42-inch LCD TV with satellite channels</p><p><b>Food & Drink</b> - Coffee/tea maker, minibar (fees may apply), 24-hour room service, and free bottled water</p><p><b>Sleep</b> - Premium bedding, a pillow menu, blackout drapes/curtains, turndown service, and bed sheets </p><p><b>Bathroom</b> - Private bathroom, bathtub or shower (deep soaking bathtub available in some rooms)</p><p><b>Practical</b> - Laptop-compatible safe, free newspaper, and laptop workspace; rollaway beds (surcharge) and cribs (free) available on request</p><p><b>Comfort</b> - Fresh bed sheets (on request), climate-controlled air conditioning, and daily housekeeping</p><p><b>Accessibility</b> - Wheelchair accessible</p><p><b>Eco-friendly</b> - Recycling bin and LED light bulbs</p><p><b>Need to Know</b> - Housekeeping on request</p><p>Non-Smoking</p><p>Connecting/adjoining rooms can be requested, subject to availability </p><br/>Non-smoking<br/>Breakfast buffet<br/>Breakfast buffet<br/>Free valet parking<br/>Free WiFi<br/>Free self parking",Yes,19828.6,3538.01,22182.85,INR,true,true,161,106
Delhi,Crowne Plaza New Delhi Mayur Vihar,4,37678120,2026-09-25,2026-09-26,2,2 Twin Beds Standard,Breakfast Included,Non-smoking<br/>Bed and breakfast<br/>Breakfast for 2<br/>Free WiFi,Yes,10184.24,1811.92,11996.16,INR,false,false,604,312
Delhi,Centaur Hotel IGI Airport,4,39659103,2026-09-25,2026-09-26,2,Standard Twin Room,Breakfast Included,"Non-smoking<br/>10% discount on food & beverages,complimentary room upgrade (subject to availability),guaranteed late check-out,breakfast<br/>10% Discount on Food & Beverages<br/>Complimentary Room Upgrade (Subject To Availability)<br/>Guaranteed Late Check-out<br/>Breakfast",Yes,3933,212.87,4145.87,INR,true,true,58,36
Delhi,Hotel Rosewood Suites Near IGI Airport,4,72387592,2026-09-25,2026-09-26,2,  Premium Room City View with Balcony,Breakfast Included,Non-smoking<br/>Bed and breakfast<br/>Breakfast<br/>Parking<br/>Welcome drink<br/>Coffee & tea<br/>Free WiFi<br/>Drinking water,Yes,2085.93,125.64,2211.57,INR,false,false,4,2
Delhi,Hotel Grand Tark Plaza Near IGI Airport Delhi,4,70523443,2026-09-25,2026-09-26,2,Deluxe Double Room,Breakfast Included," City View 1 King Bed | Deluxe Double Room, City View 1 King Bed<br/>Non-smoking<br/>Breakfast Included",Yes,1092.28,0,1092.28,INR,true,true,3,3
Delhi,The Umrao,4,39621806,2026-09-25,2026-09-26,2,Deluxe,Breakfast Included,Deluxe<br/>Non-smoking<br/>Max guests: 3<br/>Max adults: 3<br/>Max children: 0<br/>Breakfast,Yes,10171.4,0,10171.4,INR,true,true,202,117
Delhi,Royal Plaza New Delhi,4,39705974,2026-09-25,2026-09-26,2,Standard King Room,Breakfast Included,Standard King Room<br/>Non-smoking<br/>Breakfast,Yes,11655.81,0,11655.81,INR,true,true,405,212
Delhi,The Grace b&B,4,54076066,2026-09-25,2026-09-26,2,Family Double Room,Breakfast Included," City View | <p><strong>1 Double Bed</strong></p><p>50-sq-foot room with city views </p><br/><p><b>Layout</b> - Bedroom </p><p><b>Internet</b> - Free WiFi 500+ Mbps (good for 6+ people or 10+ devices) </p><p><b>Entertainment</b> - Smart television with cable channels and Netflix</p><p><b>Food & Drink</b> - Kitchen with cookware/dishware, coffee/tea maker, electric kettle, and children's dinnerware</p><p><b>Sleep</b> - Blackout drapes/curtains and turndown service </p><p><b>Bathroom</b> - Private bathroom, shower, slippers, and free toiletries</p><p><b>Practical</b> - Smartphone with limited calls and limited 5G data, washer/dryer, laptop workspace, and laptop-compatible safe</p><p><b>Comfort</b> - Fresh bed sheets (on request), fresh towels (on request), and air conditioning</p><p><b>Accessibility</b> - Bathroom emergency pull cord</p><p>Non-Smoking</p><br/>Non-smoking<br/>Free breakfast<br/>Free breakfast<br/>Free WiFi<br/>Free self parking",Yes,630.41,38.09,631.55,INR,true,true,2,2
Delhi,ASTER GRAND BY ZENQ SAKET,4,71350809,2026-09-25,2026-09-26,2,Superior Room,Breakfast Included,"<p><strong>1 King Bed</strong></p><p>225-sq-foot room with courtyard views </p><br/><p><b>Layout</b> - Bedroom </p><p><b>Internet</b> - Free WiFi (2-device limit) </p><p><b>Entertainment</b> - Flat-screen TV </p><p><b>Food & Drink</b> - 24-hour room service and free bottled water </p><p><b>Sleep</b> - Turndown service </p><p><b>Bathroom</b> - Private bathroom, shower, a hair dryer, and towels</p><p><b>Practical</b> - Safe; rollaway beds (surcharge) available on request</p><p><b>Comfort</b> - Fresh bed sheets (on request), fresh towels (on request), and climate-controlled air conditioning</p><p><b>Need to Know</b> - No cribs (infant beds) available</p><p>Non-Smoking</p><br/>Non-smoking<br/>Free breakfast<br/>Free breakfast<br/>Free WiFi<br/>Free self parking",Yes,7676.78,1607.55,8814.26,INR,true,true,8,4
Delhi,The Hans Hotel New Delhi,4,39676545,2026-09-25,2026-09-26,2,EXECUTIVE ROOM,Breakfast Included,EXECUTIVE ROOM<br/>Non-smoking<br/>Max guests: 4<br/>Max adults: 4<br/>Max children: 1<br/>Breakfast,Yes,8002.42,0,8002.42,INR,false,false,534,269
Delhi,Airport Hotel Ashoka Palace,4,71344518,2026-09-25,2026-09-26,2,Deluxe Room,Breakfast Included," City View | <p><strong>1 Double Bed</strong></p><p>120 sq feet </p><br/><p><b>Layout</b> - Bedroom and sitting area</p><p><b>Relax</b> - In-room massage available</p><p><b>Internet</b> - Free WiFi (25+ Mbps; 3-device limit) </p><p><b>Entertainment</b> - 32-inch flat-screen TV with cable channels</p><p><b>Food & Drink</b> - Local meal delivery service and free bottled water </p><p><b>Sleep</b> - Turndown service and bed sheets </p><p><b>Bathroom</b> - Private bathroom, slippers, and a shower with a rainfall showerhead</p><p><b>Practical</b> - Smartphone with limited calls and limited 4G data, washing machine, free local calls, and safe</p><p><b>Comfort</b> - Fresh bed sheets (on request), fresh towels (on request), and air conditioning</p><p><b>Accessibility</b> - Ceiling hoist</p><p><b>Need to Know</b> - No windows, no cribs (infant beds) or rollaway/extra beds available</p><p>Smoking</p><br/>Non-smoking<br/>Breakfast for 2<br/>Breakfast for 2<br/>Free WiFi<br/>Free self parking",Yes,1859.01,89.1,1837.39,INR,true,true,8,4
Delhi,IVA Premium Delhi Airport,3,70523908,2026-09-25,2026-09-26,2,Deluxe Room 1 King Bed,Breakfast Included,Deluxe Room 1 King Bed<br/>Non-smoking<br/>Breakfast Included,Yes,6270.48,0,6270.48,INR,true,true,36,20
Delhi,YMCA Tourist Hostel,3,39605722,2026-09-25,2026-09-26,2,Standard Double Room,Breakfast Included,Non-smoking<br/>Bed and breakfast<br/>Breakfast<br/>Parking<br/>Free WiFi,Yes,4924.56,267.5,5192.06,INR,true,true,27,27
Delhi,Fabhotel Sparkling,3,70483742,2026-09-25,2026-09-26,2,Deluxe room--Double Bed,Breakfast Included,city view<br/>Non-smoking<br/>Bed & Breakfast,Yes,2397.71,113.98,2221.26,INR,true,true,11,4
Delhi,Aura,2,39659590,2026-09-25,2026-09-26,2,Triple Room 1 Double Bed and 1 Twin Bed,Breakfast Included,Triple Room 1 Double Bed and 1 Twin Bed<br/>Non-smoking<br/>Breakfast Included,Yes,2810.19,0,2810.19,INR,false,false,115,58
Delhi,Sunstar Heights,2,39558884,2026-09-25,2026-09-26,2,Compact Room,Breakfast Included,Compact Room<br/>Non-smoking<br/>breakfast<br/>Breakfast,Yes,2067.76,115.43,2183.19,INR,true,true,27,12
Delhi,HOTEL LEGEND INTERNATIONAL - JUST A MIN,3,72225478,2026-09-25,2026-09-26,2,Deluxe Room,Breakfast Included,Non-smoking<br/>Bed and breakfast<br/>Breakfast,Yes,2837.29,167.2,3004.49,INR,true,true,4,2
Delhi,FABHOTEL LIME TREE I,3,72388890,2026-09-25,2026-09-26,2,Deluxe Room,Breakfast Included,Room With Free Wi-Fi<br/>Non-smoking<br/>breakfast<br/>Breakfast,Yes,1130.25,57.82,1188.07,INR,true,true,9,5
Delhi,FabHotel Yug Villa,3,32366727,2026-09-25,2026-09-26,2,Deluxe--Room,Breakfast Included,Non-smoking<br/>Bed & Breakfast,Yes,2826.56,135.42,2616.91,INR,true,true,10,5
Delhi,Hotel Luxe Stay,3,70564837,2026-09-25,2026-09-26,2,Deluxe Double Room,Breakfast Included,Deluxe Double Room<br/>Non-smoking<br/>breakfast<br/>Breakfast,Yes,780.25,40.19,820.44,INR,true,true,9,7
Delhi,Hotel River Front Near IGI Airport,3,54599992,2026-09-25,2026-09-26,2,Deluxe Room,Breakfast Included,Non-smoking<br/>Bed and breakfast<br/>Breakfast<br/>Parking<br/>Free WiFi,Yes,3121.74,157.46,3279.2,INR,true,true,5,3
Delhi,Sundeep Inn,3,39637795,2026-09-25,2026-09-26,2,Standard Room,Breakfast Included,Standard Room<br/>Non-smoking<br/>breakfast<br/>Breakfast,Yes,2659.13,145.13,2804.26,INR,true,true,12,6
Bengaluru,"Vivanta Bengaluru, Whitefield",5,32717456,2026-09-25,2026-09-26,2,SUPERIOR,Breakfast Included," QUEEN BED |  CITY VIEW | SUPERIOR, QUEEN BED, CITY VIEW<br/>Non-smoking<br/>Max guests: 3<br/>Max adults: 3<br/>Max children: 0<br/>Breakfast",Yes,13445.39,0,13445.39,INR,true,true,446,289
Bengaluru,"The Oberoi, Bangalore",5,39591074,2026-09-25,2026-09-26,2,Deluxe Rooms with Private Balcony,Breakfast Included,"Ideal for a single traveler or a couple, business or leisure.

Perfect for individual travellers wanting to work in peace or couples on a getaway. Each room with 28 square metres interiors has a queen bed and offers garden views from its private balcony. Catch up on work at the wooden work desk or relax with our in-room technology: Oberoi Enhance.<br/>Non-smoking<br/>breakfast<br/>Breakfast",Yes,15209.56,2997,18206.56,INR,false,false,228,144
Bengaluru,Itc Windsor,5,39715735,2026-09-25,2026-09-26,2,Room,Breakfast Included," 1 Twin Bed |  Tower | <p><strong>1 Twin Bed</strong></p><p>334-sq-foot room with city views </p><br/><p><b>Layout</b> - Bedroom </p><p><b>Internet</b> - Free WiFi </p><p><b>Entertainment</b> - 55-inch Smart TV with digital channels</p><p><b>Food & Drink</b> - Electric kettle, 24-hour room service,  free bottled water, and free tea bags/instant coffee</p><p><b>Sleep</b> - Pillowtop bed, premium bedding, a pillow menu, blackout drapes/curtains, and bed sheets </p><p><b>Bathroom</b> - Private bathroom, shower, bathrobes, and slippers</p><p><b>Practical</b> - Laptop-compatible safe, iron/ironing board, and laptop workspace; rollaway beds (surcharge) and cribs (free) available on request</p><p><b>Comfort</b> - Fresh bed sheets (on request), climate-controlled air conditioning, and daily housekeeping</p><p><b>Accessibility</b> - Lever door handles</p><p><b>Need to Know</b> - Housekeeping on request</p><p>Non-Smoking</p><p>Connecting/adjoining rooms can be requested, subject to availability </p><br/>Non-smoking<br/>Breakfast buffet<br/>Free high-speed internet<br/>Breakfast buffet<br/>Free valet parking<br/>Free WiFi<br/>Free self parking",Yes,11780.78,2084.25,13142.99,INR,true,true,109,104
Bengaluru,"The Fern Residency Bengaluru, Seshadripuram, Series by Marriott",3,72344471,2026-09-25,2026-09-26,2,Winter Green,Breakfast Included, Guest Room |  2 Twin |  City View | Non-smoking<br/>Bed and breakfast<br/>Breakfast<br/>Breakfast for 2,Yes,6384.76,313.34,6698.1,INR,true,true,44,20
Bengaluru,WelcomHotel Bengaluru,5,39604900,2026-09-25,2026-09-26,2,DELUXE,Breakfast Included,DELUXE<br/>Non-smoking<br/>Max guests: 3<br/>Max adults: 3<br/>Max children: 0<br/>Breakfast,Yes,11077.16,0,11077.16,INR,true,true,214,200
Bengaluru,Hotel Golden Suites Bengaluru Karnataka,5,72465544,2026-09-25,2026-09-26,2,Double Executive,Breakfast Included,Non-smoking<br/>Bed and breakfast<br/>Breakfast<br/>Parking<br/>Free WiFi,Yes,7397.3,1453.71,8851.01,INR,true,true,2,1
Bengaluru,Isnas Residency Bengaluru Karnataka,5,72465540,2026-09-25,2026-09-26,2,Standard Room,Breakfast Included,Non-smoking<br/>Bed and breakfast<br/>Breakfast<br/>Parking<br/>Free WiFi,Yes,8281.43,1558.29,9839.72,INR,true,true,2,1
Bengaluru,C Suites Lotus Park Bengaluru Karnataka,5,72465532,2026-09-25,2026-09-26,2,Deluxe,Breakfast Included,Non-smoking<br/>Bed and breakfast<br/>Breakfast<br/>Parking<br/>Free WiFi,Yes,8130.14,1558.29,9688.43,INR,true,true,2,1
Bengaluru,"Taj West End, Bengaluru",5,39658767,2026-09-25,2026-09-26,2,Luxury Room Heritage Wing,Breakfast Included,"Step into our Luxury Heritage wing, a testament to the timeless colonial elegance that characterizes Bengaluru’s most exquisite 5-star accommodations. Revel in the spacious 45-square-metre space accentuated by lofty ceilings, exclusive access to the terrace garden and iconic garden views creating an expansive and inviting ambiance.<br/>Non-smoking<br/>breakfast<br/>Breakfast",Yes,16841.08,3321,20162.08,INR,true,true,394,251
Bengaluru,The Corporate Comforts Bengaluru Karnataka,5,72465581,2026-09-25,2026-09-26,2,Standard Room,Breakfast Included,Non-smoking<br/>Bed and breakfast<br/>Breakfast<br/>Parking,Yes,6894.76,365.72,7260.48,INR,true,true,8,4
Bengaluru,"juSTa Indiranagar, Bangalore",4,39659117,2026-09-25,2026-09-26,2,Superior Room,Breakfast Included,"Superior Room<br/>Non-smoking<br/>welcome drink on arrival,breakfast<br/>Welcome Drink On Arrival<br/>Breakfast",Yes,3503.29,205.42,3708.71,INR,true,true,94,46
Bengaluru,Melange Astris,4,32717458,2026-09-25,2026-09-26,2,Executive Room,Breakfast Included,"Executive Room<br/>Non-smoking<br/>late checkout subject to availability,early checkin subject to availability,free early check-in (subject to availability),breakfast<br/>Late Checkout Subject to Availability<br/>Early Checkin Subject to Availability<br/>Free Early Check-in (Subject to Availability)<br/>Breakfast",Yes,5808.75,325,6133.75,INR,true,true,60,46
Bengaluru,"Lemon Tree Hotel, Electronics City, Bengaluru",4,39671683,2026-09-25,2026-09-26,2,Superior Room,Breakfast Included,"Superior Room<br/>Non-smoking<br/>20% discount on spa,20% off on food & beverages with a-la-carte selection,20% discount on laundry,free room upgrade (subject to availability),late check-out upto 2 hours (subject to availability),enjoy happy hours with 1+1 offer,breakfast<br/>20% Discount on SPA<br/>20% off on food & beverages with a-la-carte selection<br/>20% Discount on Laundry<br/>Free Room Upgrade (Subject to availability)<br/>Late Check-Out upto 2 hours (subject to availability)<br/>Enjoy Happy Hours with 1+1 offer<br/>Breakfast",Yes,5023.6,267.3,5290.9,INR,true,true,324,224
Bengaluru,Royal Orchid Resort & Convention Centre,4,39649355,2026-09-25,2026-09-26,2,DELUXE,Breakfast Included," BATHTUB | DELUXE, BATHTUB<br/>Non-smoking<br/>Max guests: 3<br/>Max adults: 3<br/>Max children: 0<br/>Breakfast",Yes,9304.58,0,9304.58,INR,true,true,394,286
Bengaluru,Heiwa by Hodo stays,4,71430691,2026-09-25,2026-09-26,2,2 Bedroom Apartment,Breakfast Included,Non-smoking<br/>Bed and breakfast<br/>Breakfast<br/>Breakfast for 1<br/>Parking<br/>Free WiFi,Yes,8049.49,1764,9813.49,INR,true,true,5,1
Bengaluru,Axon Bellandur By Axon Hotels,4,70522597,2026-09-25,2026-09-26,2,Deluxe Double Room,Breakfast Included," City View 1 Queen Bed | Deluxe Double Room, City View 1 Queen Bed<br/>Non-smoking<br/>Breakfast For Two",Yes,3425.84,0,3425.84,INR,true,true,40,17
Bengaluru,Yahweh Suites,3,70515819,2026-09-25,2026-09-26,2,Standard Room,No Meal,"Non-smoking<br/>Max guests: 2<br/>Max children: 0<br/>Breakfast,Tea/Coffee maker in the Room.,Complimentary Wifi,Complimentary Mineral Water<br/>Breakfast<br/>Tea/Coffee maker in the Room.<br/>Complimentary Wifi<br/>Complimentary Mineral Water",Yes,2329,111,2262.6,INR,true,true,4,2
Bengaluru,Lazdana Hotel Bangalore,4,37749913,2026-09-25,2026-09-26,2,Executive King Room,No Meal,"Non-smoking<br/>Max guests: 2<br/>Max children: 1<br/>Breakfast,Complimentary Wifi<br/>Breakfast<br/>Complimentary Wifi",Yes,5167,252,4980.13,INR,true,true,114,55
Bengaluru,Holiday Inn Bengaluru Racecourse,4,39674317,2026-09-25,2026-09-26,2,2 Single Standard,No Meal,2 Single Standard<br/>Non-smoking<br/>Breakfast for two guests,Yes,5991.13,0,5991.13,INR,true,true,449,194
Bengaluru,The Capitol Hotel,4,39632512,2026-09-25,2026-09-26,2,Deluxe Room,Breakfast Included,"Non-smoking<br/>late checkout subject to availability,early checkin subject to availability,complimentary wifi,breakfast<br/>Late Checkout Subject to Availability<br/>Early Checkin Subject to Availability<br/>Complimentary Wifi<br/>Breakfast",Yes,4519.99,260.6,4780.59,INR,true,true,17,10
Bengaluru,Bloom Hotel - Hsr Layout Sec 6,3,53602106,2026-09-25,2026-09-26,2,Standard Queen,Breakfast Included,"Standard Queen<br/>Non-smoking<br/>late checkout subject to availability,early checkin subject to availability,complimentary wifi,breakfast<br/>Late Checkout Subject to Availability<br/>Early Checkin Subject to Availability<br/>Complimentary Wifi<br/>Breakfast",Yes,4433.84,246.48,4680.32,INR,true,true,42,21
Bengaluru,Brunton Heights,3,39784386,2026-09-25,2026-09-26,2,Executive Suite,Breakfast Included,Non-smoking<br/>Bed and breakfast<br/>Breakfast<br/>Complimentary Breakfast<br/>Parking<br/>Express check-in<br/>Free WiFi<br/>Drinking water<br/>Cable TV channels,Yes,7120.13,1372.73,8492.86,INR,true,true,26,23
Bengaluru,FabHotel Champion Gateway,3,33047582,2026-09-25,2026-09-26,2,Deluxe Room,Breakfast Included,"Deluxe Room<br/>Non-smoking<br/>early check-in up to 2 hours (subject to availability),late check-out upto 2 hours (subject to availability),breakfast<br/>Early Check-In up to 2 Hours (Subject to availability)<br/>Late Check-Out upto 2 hours (subject to availability)<br/>Breakfast",Yes,2040.69,109.81,2150.5,INR,true,true,31,14
Bengaluru,Galaxy Royal Suites,3,71363705,2026-09-25,2026-09-26,2,Double Executive,Breakfast Included,Non-smoking<br/>Bed and breakfast<br/>Breakfast<br/>Parking<br/>Free WiFi,Yes,2609.17,133.02,2742.19,INR,true,true,4,2
Bengaluru,Fabhotel Royal Grand,3,70483726,2026-09-25,2026-09-26,2,Deluxe room--Queen Bed,Breakfast Included,city view<br/>Non-smoking<br/>Bed & Breakfast,Yes,1931.89,90.69,1791.49,INR,true,true,16,8
Bengaluru,LG Signature Suites,3,70596443,2026-09-25,2026-09-26,2,Standard Room 1 Queen Bed,Breakfast Included,Standard Room 1 Queen Bed<br/>Non-smoking<br/>Breakfast For Two,Yes,3249.94,0,3249.94,INR,true,true,21,9
Bengaluru,"Treebo Liyan Orchid, Hsr Layout",3,72375552,2026-09-25,2026-09-26,2,Standard Room With Balcony,Breakfast Included,Standard Room With Balcony<br/>Non-smoking<br/>breakfast<br/>Breakfast,Yes,3416.87,186.21,3603.08,INR,true,true,8,6
Bengaluru,Oriva Tulips Inn and Suites - Nr. Majestic,3,72376882,2026-09-25,2026-09-26,2,Deluxe Room,Breakfast Included,"<p><strong>1 Double Bed</strong></p><p>150 sq feet </p><br/><p><b>Layout</b> - Bedroom </p><p><b>Internet</b> - Free WiFi 25+ Mbps </p><p><b>Entertainment</b> - 28-inch LCD TV with cable channels</p><p><b>Food & Drink</b> - Free bottled water</p><p><b>Sleep</b> - Egyptian cotton linens and bed sheets </p><p><b>Bathroom</b> - Private bathroom, shower, and rainfall showerhead</p><p><b>Practical</b> - Wardrobe or closet</p><p><b>Comfort</b> - Air conditioning and daily housekeeping</p><p><b>Accessibility</b> - Tile flooring in room</p><p>Non-Smoking</p><br/>Non-smoking<br/>Full Breakfast<br/>Full Breakfast<br/>Free WiFi",Yes,2766.03,197.4,2776.32,INR,true,true,12,6
Bengaluru,ROYAL ACE LUXUR,3,53602562,2026-09-25,2026-09-26,2,Executive Double or Twin Room,Breakfast Included,Non-smoking<br/>breakfast<br/>Breakfast,Yes,3628.86,213.04,3841.9,INR,true,true,15,13
Bengaluru,The Nines Business Hotel,3,39639517,2026-09-25,2026-09-26,2,Executive Suite,No Meal,"Non-smoking<br/>Max guests: 3<br/>Max children: 2<br/>Breakfast,Free Room Upgrade (Subject to Availability)<br/>Breakfast<br/>Free Room Upgrade (Subject to Availability)",Yes,2310,110,2141.53,INR,true,true,5,2
Hyderabad,"ITC Kohinoor, a Luxury Collection Hote, Hyderbad",5,39604892,2026-09-25,2026-09-26,2,Executive Club,Breakfast Included," 1 Queen Bed |  City view | <p><strong>1 Queen Bed</strong></p><p>495-sq-foot room with city views </p><br/><p><b>Layout</b> - Bedroom </p><p><b>Internet</b> - Free WiFi </p><p><b>Entertainment</b> - 53-inch Smart TV with premium channels</p><p><b>Food & Drink</b> - Coffee/tea maker, electric kettle,  24-hour room service, and free bottled water</p><p><b>Sleep</b> - Premium bedding, a pillow menu, blackout drapes/curtains, turndown service, and bed sheets </p><p><b>Bathroom</b> - Bathrobes, slippers, and a separate bathtub and shower with a rainfall showerhead</p><p><b>Practical</b> - Safe, iron/ironing board, and desk; rollaway beds (surcharge) and cribs (free) available on request</p><p><b>Comfort</b> - Air conditioning and daily housekeeping</p><p><b>Accessibility</b> - Grab bar near toilet</p><p><b>Eco-friendly</b> - Recycling bin and LED light bulbs</p><p>Smoking</p><br/>Non-smoking<br/>Breakfast buffet<br/>Free high-speed internet<br/>Breakfast buffet<br/>Free valet parking<br/>Free WiFi<br/>Free self parking",Yes,31753,5722.61,36115.31,INR,true,true,286,214
Hyderabad,Itc Kakatiya,5,39462003,2026-09-25,2026-09-26,2,Executive Room,Breakfast Included," 1 Queen Bed |  City View | <p><strong>2 Twin Beds</strong></p><p>334-sq-foot room with city views </p><br/><p><b>Layout</b> - Bedroom </p><p><b>Entertainment</b> - 32-inch HDTV with satellite channels</p><p><b>Food & Drink</b> - Coffee/tea maker, 24-hour room service, and free bottled water</p><p><b>Sleep</b> - A pillow menu, blackout drapes/curtains, and bed sheets </p><p><b>Bathroom</b> - Private bathroom, bathtub or shower, bathrobes, and slippers</p><p><b>Practical</b> - Safe, iron/ironing board, and desk; rollaway beds (surcharge) and cribs (free) available on request</p><p><b>Comfort</b> - Fresh bed sheets (on request), climate-controlled air conditioning, and daily housekeeping</p><p><b>Accessibility</b> - Grab bar near toilet</p><p><b>Eco-friendly</b> - Recycling bin and LED light bulbs</p><p><b>Need to Know</b> - Housekeeping on request</p><p>Non-Smoking</p><br/>Non-smoking<br/>Breakfast buffet<br/>Free valet parking<br/>Breakfast buffet<br/>Free self parking",Yes,10247.6,1841.03,11533.86,INR,true,true,107,73
Hyderabad,HOTEL MITHRA GRAND AIRPORTZONE,5,31983872,2026-09-25,2026-09-26,2,De luxe Room,Breakfast Included,Non-smoking<br/>Bed and breakfast<br/>Breakfast<br/>Parking<br/>Free WiFi,Yes,1759.47,88,1847.47,INR,true,true,9,5
Hyderabad,Marriott Executive Apartments Hyderabad,5,15718316,2026-09-25,2026-09-26,2,Apartment,Breakfast Included," 1 Bedroom |  City View | <p><strong>1 King Bed</strong></p><p>915-sq-foot soundproofed room, located on the top floor, balcony/patio with city views</p><br/><p><b>Layout</b> - Bedroom, living room, and dining area</p><p><b>Internet</b> - Free WiFi 250+ Mbps (good for 3–5 people or up to 10 devices) and wired internet access</p><p><b>Entertainment</b> - 50-inch LED TV with premium channels</p><p><b>Food & Drink</b> - Kitchenette with refrigerator, oven, microwave, and dishwasher</p><p><b>Sleep</b> - Premium bedding, turndown service, and bed sheets </p><p><b>Bathroom</b> - Private bathroom, deep soaking bathtub, and rainfall showerhead</p><p><b>Practical</b> - Washer/dryer, day bed, and desk; rollaway beds (surcharge) and cribs (surcharge) available on request</p><p><b>Comfort</b> - Air conditioning and daily housekeeping</p><p><b>Accessibility</b> - Wheelchair accessible, low-height view port in door, roll-in shower, area rugs in room, height-adjustable showerhead, low-height electrical outlets in bathroom, grab bar in bathtub, smooth flooring in room, lever door handles, thin carpet in room, low-height counter and sink, visual fire alarm, and wheelchair-accessible bathroom vanity</p><p><b>Eco-friendly</b> - Recycling bin</p><p><b>Need to Know</b> - Housekeeping on request, toothbrush and toothpaste not available</p><p>Non-Smoking</p><p>Room/bed type depends on availability at check-in </p><br/>Non-smoking<br/>Breakfast buffet<br/>Free valet parking<br/>Breakfast buffet<br/>Free self parking",Yes,18808.4,3359.83,21057.35,INR,false,false,94,82
Hyderabad,The Westin Hyderabad Mindspace,5,39660183,2026-09-25,2026-09-26,2,Room,Breakfast Included," 1 King Bed | <p><strong>1 King Bed</strong></p><p>366 sq feet, located on the top floor </p><br/><p><b>Club/Executive Level</b> - Club Lounge access and internet access in the lounge; guests under 18 years old not allowed in lounge</p><p><b>Layout</b> - 20 bedrooms and office</p><p><b>Relax</b> - In-room massage available</p><p><b>Entertainment</b> - 43-inch LCD TV, premium channels, and DVD player</p><p><b>Food & Drink</b> - Coffee/tea maker, minibar (fees may apply), electric kettle, and 24-hour room service</p><p><b>Sleep</b> - Memory foam bed, premium bedding, a down duvet, a pillow menu, and blackout drapes/curtains </p><p><b>Bathroom</b> - Private bathroom, deep soaking bathtub, and separate shower with a rainfall showerhead</p><p><b>Practical</b> - Fenced private yard, laptop-compatible safe, and free newspaper; rollaway beds (surcharge) and cribs (free) available on request</p><p><b>Comfort</b> - Daily housekeeping and climate-controlled heating and air conditioning</p><p><b>Accessibility</b> - Portable shower seat, height-adjustable showerhead, hardwood flooring in room, wheelchair-accessible bathroom vanity, tile flooring in room, bathroom emergency pull cord, smooth flooring in room, high pile carpet in room, grab bar near toilet, fixed shower seat, doorbell and phone notification, low-height counter and sink, thin carpet in room, low-height electrical outlets in bathroom, low-height bed, visual fire alarm, transfer shower, low-height view port in door, area rugs in room, wheelchair accessible, lever door handles, height-adjusted amenities, magnifying mirror, raised toilet seat, and low-height door lock</p><p><b>Eco-friendly</b> - Recycling bin and LED light bulbs</p><p><b>Need to Know</b> - Housekeeping on request</p><p>Non-Smoking</p><p>Room is accessed via exterior corridors and room/bed type depends on availability at check-in  </p><p>Connecting/adjoining rooms can be requested, subject to availability </p><br/>Non-smoking<br/>Full Breakfast<br/>Full Breakfast<br/>Free WiFi<br/>Free self parking",Yes,33166,6017.18,37398.63,INR,true,true,284,124
Hyderabad,Avasa Hotel,5,39675409,2026-09-25,2026-09-26,2,Silver Double/Twin Room,Breakfast Included,Silver Double/Twin Room<br/>Non-smoking<br/>BED AND BREAKFAST,Yes,17603.97,0,17603.97,INR,true,true,225,145
Hyderabad,The Park Hyderabad,5,32329104,2026-09-25,2026-09-26,2,Luxury Room,Breakfast Included,Non-smoking<br/>Bed and breakfast<br/>Breakfast<br/>Food & Beverage Discount 10%<br/>Parking<br/>Express check-in<br/>Free WiFi<br/>Drinking water<br/>Free fitness center access,Yes,9082.04,1782,10864.04,INR,true,true,289,161
Hyderabad,Hyderabad Marriott Hotel & Convention Centre,5,39711473,2026-09-25,2026-09-26,2,Guest room,Breakfast Included, 2 Queen | Non-smoking<br/>Bed and breakfast<br/>Breakfast,Yes,9238.81,1641.74,10880.55,INR,true,true,301,136
Hyderabad,"Vivanta Hyderabad, Begumpet",5,39654320,2026-09-25,2026-09-26,2,Superior Charm Room City View Twin Bed,Breakfast Included,Superior Charm Room City View Twin Bed<br/>Non-smoking<br/>BED AND BREAKFAST,Yes,8605.88,0,8605.88,INR,true,true,333,201
Hyderabad,Oakwood Residence Kapil Hyderabad,5,15615010,2026-09-25,2026-09-26,2,Superior Studio,Breakfast Included,"<p><strong>1 King Bed</strong></p><p>377 sq feet </p><br/><p><b>Layout</b> - Bedroom </p><p><b>Internet</b> - Free WiFi and wired internet access</p><p><b>Entertainment</b> - 48-inch LED TV, premium channels, and DVD player</p><p><b>Food & Drink</b> - Kitchen with refrigerator, stovetop, oven, and microwave</p><p><b>Sleep</b> - Premium bedding, blackout drapes/curtains, and bed sheets </p><p><b>Bathroom</b> - Private bathroom, shower, bathrobes, and slippers</p><p><b>Practical</b> - Washing machine, laptop-compatible safe, and free newspaper; rollaway beds (surcharge) available on request</p><p><b>Comfort</b> - Climate-controlled air conditioning, daily housekeeping, and heating</p><p><b>Accessibility</b> - Grab bar near toilet</p><p><b>Need to Know</b> - Shared accommodations</p><p>Smoking And Non-Smoking</p><p>Connecting/adjoining rooms can be requested, subject to availability </p><br/>Non-smoking<br/>Breakfast buffet<br/>Breakfast buffet<br/>Free valet parking<br/>Free WiFi<br/>Free self parking",Yes,7999.3,1458,9074.59,INR,false,false,214,206
Hyderabad,Hotel Raintr33,3,39841051,2026-09-25,2026-09-26,2,DELUXE Room,Breakfast Included,"DELUXE Room<br/>Non-smoking<br/>late checkout subject to availability,early checkin subject to availability,complimentary wifi,breakfast<br/>Late Checkout Subject to Availability<br/>Early Checkin Subject to Availability<br/>Complimentary Wifi<br/>Breakfast",Yes,1760.85,97.26,1858.11,INR,true,true,7,4
Hyderabad,The Itihas Business Hotel,3,72472701,2026-09-25,2026-09-26,2,Deluxe Double or Twin,Breakfast Included,Non-smoking<br/>Bed and breakfast<br/>Breakfast<br/>Parking<br/>Welcome drink<br/>Coffee & tea<br/>Express check-in<br/>Free WiFi<br/>Drinking water<br/>Smart TV (with apps)<br/>Couple Friendly<br/>Local ID Accepted,Yes,3195.72,195,3390.72,INR,true,true,7,3
Hyderabad,Art Boutique Hotel,3,15718747,2026-09-25,2026-09-26,2,Standard Room,No Meal,"Non-smoking<br/>Max guests: 3<br/>Max children: 2<br/>Breakfast,Complimentary Wifi<br/>Breakfast<br/>Complimentary Wifi",Yes,1907,89,1840.5,INR,true,true,29,15
Hyderabad,Hotel Elite By Signature Group,3,30959074,2026-09-25,2026-09-26,2,Deluxe Double Room,Breakfast Included,"<p><strong>1 King Bed</strong></p><p><b>Layout</b> - Bedroom </p><p><b>Internet</b> - Free WiFi 100+ Mbps (good for 1–2 people or up to 6 devices) </p><p><b>Entertainment</b> - 32-inch LCD TV with cable channels</p><p><b>Food & Drink</b> - Coffee/tea maker and free bottled water </p><p><b>Sleep</b> - Memory foam bed, premium bedding, turndown service, and bed sheets </p><p><b>Bathroom</b> - Private bathroom, shower, and rainfall showerhead</p><p><b>Practical</b> - Day bed, free newspaper, and iron/ironing board; rollaway beds (surcharge) available on request</p><p><b>Comfort</b> - Daily housekeeping</p><p><b>Accessibility</b> - Low-height view port in door</p><p><b>Need to Know</b> - No cribs (infant beds) available</p><p>Non-Smoking</p><br/>Non-smoking<br/>Free breakfast<br/>Free breakfast<br/>Free valet parking<br/>Free WiFi<br/>Free self parking",Yes,2129.74,103.38,2134.33,INR,true,true,28,14
Hyderabad,Aditya Park  A-Sarovar Portico Hotel,4,39671499,2026-09-25,2026-09-26,2,Superior Room - 1 Double Bed,Breakfast Included,Non-smoking<br/>Bed and breakfast<br/>Breakfast<br/>Free WiFi,Yes,4800.43,234.12,5034.55,INR,false,false,277,140
Hyderabad,Amrutha Castle Hotel,3,39694102,2026-09-25,2026-09-26,2,Superior Room,Breakfast Included,Non-smoking<br/>Bed and breakfast<br/>Breakfast<br/>Parking<br/>Express check-in<br/>Free WiFi<br/>Drinking water,Yes,2627.65,133,2760.65,INR,true,true,25,13
Hyderabad,Lemon Tree Hotel Banjara Hills,4,15745703,2026-09-25,2026-09-26,2,Business room,Breakfast Included,"Business room<br/>Non-smoking<br/>10% discount on food & beverages,early check-in upto 2 hours (subject to availability),welcome drink on arrival,breakfast<br/>10% Discount on Food & Beverages<br/>Early Check-In upto 2 hours (subject to availability)<br/>Welcome Drink On Arrival<br/>Breakfast",Yes,4997.96,265.9,5263.86,INR,true,true,276,199
Hyderabad,Monday Hotels Hitec City,3,39874317,2026-09-25,2026-09-26,2,Deluxe Room,Breakfast Included,Non-smoking<br/>Bed and breakfast<br/>Breakfast<br/>Complimentary Breakfast<br/>Breakfast for 2<br/>Vegetarian Breakfast<br/>Parking<br/>Coffee & tea<br/>Express check-in<br/>Free WiFi<br/>Drinking water,Yes,3356.93,192.94,3549.87,INR,true,true,45,20
Hyderabad,Hampshire Plaza,4,15186091,2026-09-25,2026-09-26,2,Standard Room,Breakfast Included,Non-smoking<br/>Bed and breakfast<br/>Breakfast<br/>Parking<br/>Express check-in<br/>Free WiFi<br/>Drinking water<br/>Free fitness center access,Yes,3858.34,207,4065.34,INR,false,false,113,55
Hyderabad,Taj Tristar,3,39455575,2026-09-25,2026-09-26,2,Executive Tristar Room,Breakfast Included,Executive Tristar Room<br/>Non-smoking<br/>breakfast<br/>Breakfast,Yes,3508.3,200.71,3709.01,INR,true,true,149,83
Hyderabad,Transit By Encalm - Nap And Shower,3,70483984,2026-09-25,2026-09-26,2,Deluxe King Room,Breakfast Included,Deluxe King Room<br/>Non-smoking<br/>breakfast<br/>Breakfast,Yes,6736.78,1360.8,8097.58,INR,false,false,28,14
Hyderabad,Fabhotel Larana,3,72387317,2026-09-25,2026-09-26,2,Deluxe Room,Breakfast Included,Room With Free Wi-Fi.<br/>Non-smoking<br/>breakfast<br/>Breakfast,Yes,1677.8,89.09,1766.89,INR,true,true,14,6
Hyderabad,Casa Hotel Madhapur,2,71346369,2026-09-25,2026-09-26,2,Executive Room with Balcony,Breakfast Included,Executive Room with Balcony<br/>Non-smoking<br/>breakfast<br/>Breakfast,Yes,2731.19,158.57,2889.76,INR,true,true,13,6
Hyderabad,Fabhotel Dream Connect,3,70483732,2026-09-25,2026-09-26,2,Deluxe Room,Breakfast Included,"FreeWifi<br/>Non-smoking<br/>early check-in up to 2 hours (subject to availability),late check-out upto 2 hours (subject to availability),breakfast<br/>Early Check-In up to 2 Hours (Subject to availability)<br/>Late Check-Out upto 2 hours (subject to availability)<br/>Breakfast",Yes,1206.07,62.15,1268.22,INR,true,true,14,7
Hyderabad,Westside Hotels,3,16465296,2026-09-25,2026-09-26,2,Deluxe Room,Breakfast Included,"<p><strong>1 King Bed</strong></p><p>Soundproofed room</p><br/><p><b>Layout</b> - Bedroom </p><p><b>Internet</b> - Free WiFi </p><p><b>Entertainment</b> - Cable channels </p><p><b>Food & Drink</b> - Room service (limited)</p><p><b>Sleep</b> - Bed sheets </p><p><b>Bathroom</b> - Shower, free toiletries, and towels</p><p><b>Practical</b> - Free newspaper and iron/ironing board (on request); rollaway beds (surcharge) available on request</p><p><b>Comfort</b> - Climate-controlled air conditioning and daily housekeeping</p><p><b>Need to Know</b> - No cribs (infant beds) available</p><p>Non-Smoking</p><br/>Non-smoking<br/>Breakfast buffet, Free breakfast<br/>Breakfast buffet<br/>Free breakfast<br/>Free valet parking<br/>Free WiFi<br/>Free self parking",Yes,4780,262.5,4800.91,INR,true,true,6,6
Hyderabad,"Grand Continent Hotel Gachibowli, US Consulate",3,71051404,2026-09-25,2026-09-26,2,Deluxe Twin--2 Single Beds,Breakfast Included,Deluxe Twin<br/>Non-smoking<br/>Bed & Breakfast,Yes,4030,195.6,3650.54,INR,true,true,50,25
Hyderabad,"Treebo Purva Crest, Gachibowli DLF",3,41631572,2026-09-25,2026-09-26,2,Deluxe Room,Breakfast Included,Deluxe Room<br/>Non-smoking<br/>breakfast<br/>Breakfast,Yes,2723.22,147.06,2870.28,INR,true,true,37,18
Hyderabad,Treebo Trend Address Inn,3,16284592,2026-09-25,2026-09-26,2,Economy Double Room,Breakfast Included,"Economy Double Room<br/>Non-smoking<br/>early check-in upto 2 hours (subject to availability),breakfast<br/>Early Check-In upto 2 hours (subject to availability)<br/>Breakfast",Yes,1850.22,97.78,1948,INR,true,true,135,67
Hyderabad,Fabexpress Grand Aarvi Prime,3,70443271,2026-09-25,2026-09-26,2,Deluxe Room,Breakfast Included,"Room With WiFi<br/>Non-smoking<br/>early check-in up to 2 hours (subject to availability),late check-out upto 2 hours (subject to availability),breakfast<br/>Early Check-In up to 2 Hours (Subject to availability)<br/>Late Check-Out upto 2 hours (subject to availability)<br/>Breakfast",Yes,1556.74,82.17,1638.91,INR,true,true,12,6
Hyderabad,Treebo The Living Tree Khairatabad,3,70495747,2026-09-25,2026-09-26,2,Deluxe Room,Breakfast Included,Deluxe Room<br/>Non-smoking<br/>breakfast<br/>Breakfast,Yes,2323.73,124.51,2448.24,INR,true,true,28,14
Chennai,Raintree St. Mary,5,39766844,2026-09-25,2026-09-26,2,Deluxe King Room,Breakfast Included,"<p><strong>1 King Bed OR 2 Twin Beds</strong></p><p>290-sq-foot room with city views </p><br/><p><b>Layout</b> - Bedroom </p><p><b>Relax</b> - Fireplace</p><p><b>Internet</b> - Free WiFi </p><p><b>Entertainment</b> - 49-inch Smart TV with digital channels</p><p><b>Food & Drink</b> - Refrigerator, minibar (fees may apply), 24-hour room service, and free bottled water</p><p><b>Sleep</b> - Premium bedding, a pillow menu, blackout drapes/curtains, turndown service, and bed sheets </p><p><b>Bathroom</b> - Private bathroom, shower, bathrobes, and slippers</p><p><b>Practical</b> - Laptop-compatible safe, free newspaper, and iron/ironing board; rollaway beds (surcharge) and cribs (free) available on request</p><p><b>Comfort</b> - Climate-controlled air conditioning and daily housekeeping</p><p><b>Accessibility</b> - Raised toilet seat</p><p>Non-Smoking</p><br/>Non-smoking<br/>Free breakfast<br/>Free breakfast<br/>Free valet parking<br/>Free WiFi<br/>Free self parking",Yes,7997.28,1838.21,9326.58,INR,true,true,151,133
Chennai,The Park Chennai,5,15259403,2026-09-25,2026-09-26,2,Deluxe Twin,Breakfast Included,"Deluxe Twin<br/>Non-smoking<br/>20% off one-way airport transfer,10% discount on spa,10% discount on laundry,breakfast<br/>20% Off One-way Airport Transfer<br/>10% Discount on SPA<br/>10% Discount on Laundry<br/>Breakfast",Yes,6992.21,1380.83,8373.04,INR,true,true,276,147
Chennai,Hyatt Regency Chennai,5,15339517,2026-09-25,2026-09-26,2,1 KING BED,Breakfast Included,1 KING BED<br/>Non-smoking<br/>Bed And Breakfast,Yes,11435.67,0,11435.67,INR,true,true,328,176
Chennai,Pullman Chennai Anna Salai,5,39660447,2026-09-25,2026-09-26,2,SUPERIOR,Breakfast Included," TWIN BEDS | SUPERIOR, TWIN BEDS<br/>Non-smoking<br/>Max guests: 3<br/>Max adults: 3<br/>Max children: 0<br/>Breakfast",Yes,9561.3,0,9561.3,INR,false,false,926,603
Chennai,Hilton Chennai,5,39647050,2026-09-25,2026-09-26,2,Room,Breakfast Included," 1 King Bed | <p><strong>1 King Bed</strong></p><p>344-sq-foot room with city views </p><br/><p><b>Internet</b> - WiFi </p><p><b>Entertainment</b> - 42-inch LCD TV with premium channels</p><p><b>Food & Drink</b> - Coffee/tea maker, minibar (fees may apply), electric kettle, and 24-hour room service</p><p><b>Sleep</b> - Premium bedding, blackout drapes/curtains, turndown service, and bed sheets </p><p><b>Bathroom</b> - Private bathroom, deep soaking bathtub, and separate shower with a rainfall showerhead</p><p><b>Practical</b> - Laptop-compatible safe, free newspaper, and iron/ironing board; rollaway beds (surcharge) and cribs (free) available on request</p><p><b>Comfort</b> - Air conditioning and daily housekeeping</p><p><b>Accessibility</b> - Thin carpet in room</p><p>Non-Smoking</p><p>Connecting/adjoining rooms can be requested, subject to availability </p><br/>Non-smoking<br/>Breakfast buffet<br/>Free valet parking<br/>Breakfast buffet<br/>Free self parking",Yes,11493,2250,13059.36,INR,true,true,1113,671
Chennai,Welcom Hotel Chennai,5,16338062,2026-09-25,2026-09-26,2,Deluxe Room,Breakfast Included,"Deluxe Room, 1 Queen Bed, City View (Deluxe Room Double)<br/>Non-smoking<br/>Breakfast Continental",Yes,12826.67,2077.53,14904.2,INR,true,true,5,5
Chennai,Taj Club House,5,16319680,2026-09-25,2026-09-26,2,Superior Room Twin Bed,Breakfast Included,Superior Room Twin Bed<br/>Non-smoking<br/>Breakfast,Yes,8760.18,0,8760.18,INR,true,true,471,271
Chennai,Ramada Plaza Chennai,5,15797845,2026-09-25,2026-09-26,2,1 king bed,Breakfast Included,1 king bed<br/>Non-smoking<br/>Breakfast,Yes,11264.93,0,11264.93,INR,true,true,271,177
Chennai,The Westin Chennai Velachery,5,39609958,2026-09-25,2026-09-26,2,Room,Breakfast Included," 1 King Bed | <p><strong>1 King Bed</strong></p><p>420 sq feet </p><br/><p><b>Layout</b> - Bedroom </p><p><b>Internet</b> - WiFi 100+ Mbps (good for 1–2 people or up to 6 devices) </p><p><b>Entertainment</b> - 42-inch LCD TV with premium channels and streaming services</p><p><b>Food & Drink</b> - Coffee/tea maker, minibar (fees may apply), electric kettle, and 24-hour room service</p><p><b>Sleep</b> - Pillowtop bed, premium bedding, a pillow menu, turndown service, and bed sheets </p><p><b>Bathroom</b> - Partially open bathroom, spring water bathtub, and separate shower with a rainfall showerhead</p><p><b>Practical</b> - Safe, double sofa bed, and free newspaper; rollaway beds (surcharge) and cribs (surcharge) available on request</p><p><b>Comfort</b> - Fresh bed sheets (on request), climate-controlled air conditioning, and daily housekeeping</p><p><b>Accessibility</b> - Shower grab bar height (inches): 55</p><p><b>Eco-friendly</b> - Recycling bin</p><p><b>Need to Know</b> - Housekeeping on request</p><p>Non-Smoking</p><p>Connecting/adjoining rooms can be requested, subject to availability </p><br/>Non-smoking<br/>Breakfast buffet<br/>Free high-speed internet<br/>Breakfast buffet<br/>Free self parking",Yes,13294,2390.42,14952.73,INR,true,true,225,121
Chennai,"Itc Grand Chola, A Luxury Collection Hotel",5,39518957,2026-09-25,2026-09-26,2,Executive Club,Breakfast Included,"<p><strong>2 Twin Beds</strong></p><p>405-sq-foot room with city views </p><br/><p><b>Layout</b> - Bedroom </p><p><b>Internet</b> - Free WiFi </p><p><b>Entertainment</b> - HDTV, satellite channels, and iPad</p><p><b>Food & Drink</b> - Coffee/tea maker, minibar (fees may apply), electric kettle, and 24-hour room service</p><p><b>Sleep</b> - Hypo-allergenic bedding, a pillow menu, blackout drapes/curtains, and bed sheets </p><p><b>Bathroom</b> - Separate bathtub and shower, bathrobes, and slippers</p><p><b>Practical</b> - Laptop-compatible safe, iron/ironing board, and laptop workspace</p><p><b>Comfort</b> - Fresh bed sheets (on request), air conditioning, and daily housekeeping</p><p><b>Accessibility</b> - Wheelchair accessible</p><p><b>Eco-friendly</b> - Recycling bin and LED light bulbs</p><p><b>Need to Know</b> - Housekeeping on request, no cribs (infant beds) or rollaway/extra beds available</p><p>Non-Smoking</p><p>Room/bed type depends on availability at check-in </p><br/>Non-smoking<br/>Breakfast buffet<br/>Breakfast buffet<br/>Free valet parking<br/>Free WiFi<br/>Free self parking",Yes,16447.6,2973.2,18539.02,INR,true,true,191,169
Chennai,Citadines OMR Chennai,5,15301386,2026-09-25,2026-09-26,2,Studio Deluxe,Breakfast Included,Studio Deluxe<br/>Non-smoking<br/>BED AND BREAKFAST,Yes,8240.38,0,8240.38,INR,true,true,219,80
Chennai,Boulevard by Design Hotel,4,39615534,2026-09-25,2026-09-26,2,Standard Room,No Meal,Non-smoking<br/>Max guests: 3<br/>Max children: 1<br/>Breakfast<br/>Breakfast,Yes,5967,292,5828.81,INR,true,true,4,4
Chennai,Accord Chrome,0,32923237,2026-09-25,2026-09-26,2,SUPERIOR ROOM,Breakfast Included,SUPERIOR ROOM<br/>Non-smoking<br/>Max guests: 4<br/>Max adults: 4<br/>Max children: 1<br/>Breakfast,Yes,7148.43,0,7148.43,INR,true,true,78,70
Chennai,Novotel Chennai Sipcot,4,38995044,2026-09-25,2026-09-26,2,Superior Room,Breakfast Included," 1 King Bed | <p><strong>1 King Bed</strong></p><p>312 sq feet </p><br/><p><b>Layout</b> - Bedroom </p><p><b>Internet</b> - Free WiFi and wired internet access</p><p><b>Entertainment</b> - 32-inch LED TV with cable channels</p><p><b>Food & Drink</b> - Refrigerator, coffee/tea maker,  electric kettle, and 24-hour room service</p><p><b>Sleep</b> - Premium bedding, a down duvet, blackout drapes/curtains, turndown service, and bed sheets </p><p><b>Bathroom</b> - Private bathroom, bathrobes, and a shower with a rainfall showerhead</p><p><b>Practical</b> - Safe, free newspaper, and iron/ironing board; rollaway beds (surcharge) and cribs (free) available on request</p><p><b>Comfort</b> - Fresh bed sheets (on request), fresh towels (on request), and climate-controlled air conditioning</p><p><b>Accessibility</b> - Wheelchair accessible</p><p><b>Eco-friendly</b> - Eco-friendly toiletries, eco-friendly cleaning supplies, energy-saving switches, and recycling bin</p><p><b>Need to Know</b> - Housekeeping on request</p><p>Smoking And Non-Smoking</p><p>Connecting/adjoining rooms can be requested, subject to availability </p><br/>Non-smoking<br/>Free breakfast<br/>Free breakfast<br/>Free valet parking<br/>Free WiFi<br/>Free self parking",Yes,4901.94,270.59,4886.82,INR,false,false,541,355
Chennai,Ramada by Wyndham Chennai Egmore,4,39661471,2026-09-25,2026-09-26,2,1 King Bed Executive Non Smoking Room,Breakfast Included,"1 King Bed Executive Non Smoking Room<br/>Non-smoking<br/>10% off on one-way airport transfer,10% discount on spa,15% discount on food and soft beverages,10% discount on laundry,10% discount on food & beverages,10 % discount on local sightseeing, subject to availability,breakfast<br/>10% off on One-way Airport Transfer<br/>10% Discount on SPA<br/>15% Discount on Food and Soft Beverages<br/>10% Discount on Laundry<br/>10% Discount on Food & Beverages<br/>10 % Discount On Local Sightseeing, Subject to Availability<br/>Breakfast",Yes,4317.34,248.6,4565.94,INR,true,true,150,49
Chennai,Novotel Chennai OMR - An AccorHotels Brand,5,15305601,2026-09-25,2026-09-26,2,Superior Room - King Bed,Breakfast Included,"<p><strong>1 King Bed</strong></p><p>290-sq-foot room with city views </p><br/><p><b>Layout</b> - Bedroom and sitting area</p><p><b>Internet</b> - Free WiFi </p><p><b>Entertainment</b> - 32-inch flat-screen TV</p><p><b>Food & Drink</b> - Coffee/tea maker, minibar (fees may apply), electric kettle, and 24-hour room service</p><p><b>Sleep</b> - Premium bedding, a pillow menu, turndown service, and bed sheets </p><p><b>Bathroom</b> - Private bathroom, bathrobes, and a shower with a rainfall showerhead</p><p><b>Practical</b> - Safe, free newspaper, and iron/ironing board; rollaway beds (surcharge) and cribs (free) available on request</p><p><b>Comfort</b> - Fresh bed sheets (on request), fresh towels (on request), and air conditioning</p><p><b>Accessibility</b> - Wheelchair accessible</p><p><b>Eco-friendly</b> - Eco-friendly toiletries, eco-friendly cleaning supplies, energy-saving switches, and recycling bin</p><p><b>Need to Know</b> - Housekeeping on request</p><p>Smoking And Non-Smoking</p><p>Connecting/adjoining rooms can be requested, subject to availability </p><br/>Non-smoking<br/>Free breakfast<br/>Free breakfast<br/>Free valet parking<br/>Free WiFi<br/>Free self parking",Yes,6242.78,338.76,6224.4,INR,false,false,381,251
Chennai,Kalyan Hometel Vandalur,3,15284209,2026-09-25,2026-09-26,2,EXECUTIVE,Breakfast Included,EXECUTIVE<br/>Non-smoking<br/>Max guests: 3<br/>Max adults: 3<br/>Max children: 0<br/>Breakfast,Yes,5014.12,0,5014.12,INR,true,true,9,6
Chennai,"The Pride, Chennai",4,39686798,2026-09-25,2026-09-26,2,DELUXE,Breakfast Included," KING BED | DELUXE, KING BED<br/>Non-smoking<br/>Max guests: 3<br/>Max adults: 3<br/>Max children: 0<br/>Breakfast",Yes,4217.89,0,4217.89,INR,true,true,314,157
Chennai,Grand Residence,2,39777226,2026-09-25,2026-09-26,2,Executive Room,Breakfast Included,Non-smoking<br/>Bed and breakfast<br/>Breakfast<br/>Parking<br/>Express check-in<br/>Free WiFi<br/>Drinking water<br/>Free pool access<br/>Free fitness center access,Yes,2876.45,155.07,3031.52,INR,true,true,191,132
Chennai,Lemon Tree Hotel Shimona Chennai,3,39664635,2026-09-25,2026-09-26,2,Business Room,Breakfast Included,"Business Room<br/>Non-smoking<br/>10% discount on food & beverages,breakfast<br/>10% Discount on Food & Beverages<br/>Breakfast",Yes,6790.64,363.58,7154.22,INR,true,true,136,94
Chennai,Mount Grande,3,70594362,2026-09-25,2026-09-26,2,Platinum Room,Breakfast Included,Platinum Room<br/>Non-smoking<br/>Breakfast Included,Yes,4093.27,0,4093.27,INR,true,true,6,3
Chennai,Fabhotel Home Tree Service Apartment T Nagar,3,70501138,2026-09-25,2026-09-26,2,Deluxe Room,Breakfast Included,"Room With WiFi<br/>Non-smoking<br/>early check-in up to 2 hours (subject to availability),late check-out upto 2 hours (subject to availability),breakfast<br/>Early Check-In up to 2 Hours (Subject to availability)<br/>Late Check-Out upto 2 hours (subject to availability)<br/>Breakfast",Yes,1670.71,89.47,1760.18,INR,true,true,26,12
Chennai,The Mount Manor,3,15488409,2026-09-25,2026-09-26,2,STANDARD,Breakfast Included,STANDARD<br/>Non-smoking<br/>breakfast<br/>Breakfast,Yes,3580.86,205,3785.86,INR,true,true,34,31
Chennai,Crescent Park (US Consulate),3,15339631,2026-09-25,2026-09-26,2,Deluxe Room,Breakfast Included,Non-smoking<br/>Bed and breakfast<br/>Late check-in<br/>Breakfast<br/>Complimentary Breakfast<br/>Parking<br/>Express check-in<br/>Free Premium Wifi<br/>Free WiFi<br/>Drinking water<br/>Cable TV channels,Yes,3193.55,175.29,3368.84,INR,true,true,9,6
Chennai,Hotel Blue Diamond,3,15659663,2026-09-25,2026-09-26,2,Premium,Breakfast Included,Non-smoking<br/>Bed and breakfast<br/>Breakfast<br/>Parking<br/>Free WiFi,Yes,4763.53,252.5,5016.03,INR,false,false,8,8
Chennai,"Four Points By Sheraton Chennai, Velachery",3,70518818,2026-09-25,2026-09-26,2,Deluxe Room,Breakfast Included," 1 King Bed |  City View 1 King Bed- Non Refundable | Deluxe Room, 1 King Bed, City View 1 King Bed- Non Refundable<br/>Non-smoking<br/>Breakfast Included",Yes,7698.17,0,7698.17,INR,false,false,105,69
Chennai,Jaag Hotel,3,16332405,2026-09-25,2026-09-26,2,Executive Room,No Meal,"Non-smoking<br/>Max guests: 3<br/>Max children: 2<br/>Breakfast,Complimentary Wifi<br/>Breakfast<br/>Complimentary Wifi",Yes,5060,247,4877.43,INR,true,true,14,10
Chennai,The Madras Grand,0,41631696,2026-09-25,2026-09-26,2,Premium Twin Room ,Breakfast Included,"Our Twin room is a quaint space for the perfect business trip stay. Equipped with all required amenities, it can host two people at once.<br/>Non-smoking<br/>breakfast<br/>Breakfast",Yes,5427.09,303.21,5730.3,INR,true,true,52,26
Chennai,Nk Grand Park Hotel,3,39672672,2026-09-25,2026-09-26,2,Executive Room,Breakfast Included,Executive Room<br/>Non-smoking<br/>breakfast<br/>Breakfast,Yes,2904.54,164.97,3069.51,INR,true,true,30,19
Chennai,Park Inn Beach Resort,2,39672675,2026-09-25,2026-09-26,2,Standard Room,Breakfast Included,Standard Double Room<br/>Non-smoking<br/>breakfast<br/>Breakfast,Yes,3150.23,179.51,3329.74,INR,true,true,54,27