Sr. No,City,Price Band,Hotel,Category,Location,GST Claimable (Yes/No),Rate per Night (20 Oct 2026),Matched Hotel,EntityId,API Star Rating,In Price Band,Star Match,Filter Match,Status,Notes
57,Delhi NCR,"Above ₹7,500","Taj Palace, New Delhi",5-Star,Chanakyapuri,No,14423.78,Taj Palace New Delhi,39811711:IN,Yes,OK,details room in band (Rooms)
1,Mumbai,Below - 3000,City Stay,Budget/Hostel,Andheri East,No,1300.78,City Stay,41617514:IN,3,Yes,N/A,Yes,OK,details room match band+star (Rooms; ★3)
2,Mumbai,Below - 3000,City Guest House,Budget,Dadar East,,,City Guest House,72383265:IN,,,,,NO_AVAIL,no priced rooms
3,Mumbai,Below - 3000,Welcome Guest House,Budget,Byculla,No,617.42,Welcome Guest House,15701016:IN,1,Yes,N/A,Yes,OK,details room match band+star (Rooms; ★1)
4,Mumbai,Below - 3000,Itsy Hotels Bindra Elite,Budget/3-Star,Andheri East,,,,,,,,,NOT_FOUND,NO_MATCH
5,Mumbai,Below - 3000,"Z Bliss Suites, BKC",Serviced Apartment,BKC,No,3830.74,Z Bliss Suites BKC,70510426:IN,4,No,N/A,No,OUT_OF_BAND,no band+star room (api★=4 want★=any; rates 3830.74–20667.87)
6,Mumbai,Below - 3000,Rest Inn Hostel AC Dormitory,Budget/Hostel,Sakinaka,,,,,,,,,NOT_FOUND,NO_MATCH
7,Mumbai,Below - 3000,Hotel BKC Fortune,Budget,Bandra East/BKC,No,1693.76,Hotel BKC Fortune,55400443:IN,2,Yes,N/A,Yes,OK,details room match band+star (Rooms; ★2)
8,Mumbai,Below - 3000,Hotel BKC Garden,Budget,Bandra East/BKC,,,Hotel BKC Garden,41468267:IN,,,,,NO_AVAIL,no priced rooms
9,Mumbai,Below - 3000,Hotel Breeze Bay BKC,Budget,Bandra East/BKC,,,,,,,,,NOT_FOUND,NO_MATCH
10,Mumbai,Below - 3000,Hotel Embassy Park,Budget,Bandra East,No,3333.88,Hotel Embassy Park BKC,39604631:IN,3,No,N/A,No,OUT_OF_BAND,no band+star room (api★=3 want★=any; rates 3333.88–7567.8)
11,Mumbai,"₹3,000 – ₹7,500",Hotel Cliffton,3-Star,Jogeshwari West,No,3521.62,Hotel Cliffton,21229039:IN,1,Yes,No,No,STAR_MISMATCH,no band+star room (api★=1 want★=3; rates 3521.62–9768.98)
12,Mumbai,"₹3,000 – ₹7,500",Privilege Inn,3-Star,Malad,Yes,3696.27,Privilege Inn,39671621:IN,2,Yes,No,No,STAR_MISMATCH,no band+star room (api★=2 want★=3; rates 3696.27–14902.83)
13,Mumbai,"₹3,000 – ₹7,500",La Hotel Metro,3-Star,Kurla,No,3713.81,La Hotel Metro,15602677:IN,3,Yes,Yes,Yes,OK,details room match band+star (Rooms; ★3)
14,Mumbai,"₹3,000 – ₹7,500",Hotel Surya Prakash,Budget/3-Star,Chembur,,,Hotel Surya Prakash,71125108:IN,,,,,NO_AVAIL,no priced rooms
15,Mumbai,"₹3,000 – ₹7,500",Hotel Ashray International,3-Star,Sion / Near BKC,,,Hotel Ashray International,39672099:IN,,,,,NO_AVAIL,no priced rooms
16,Mumbai,"₹3,000 – ₹7,500",Ajanta Continental,3-Star,Santacruz East,No,3316.49,Hotel Ajanta Continental,70779447:IN,3,Yes,Yes,Yes,OK,details room match band+star (Rooms; ★3)
17,Mumbai,"₹3,000 – ₹7,500",Hotel Auris & Banquets,4-Star,Andheri East,,,,,,,,,NOT_FOUND,NO_MATCH
18,Mumbai,"₹3,000 – ₹7,500",Hotel Diplomat Colaba,3-Star,Colaba,,,,,,,,,NOT_FOUND,NO_MATCH
19,Mumbai,"₹3,000 – ₹7,500",Mumbai House Luxury Apartments,Serviced Apartment/4-Star style,Santacruz East,No,5859.46,Mumbai House Luxury Apartments - Santacruz East,71568351:IN,5,Yes,No,No,STAR_MISMATCH,no band+star room (api★=5 want★=4; rates 5859.46–6689.03)
58,Delhi NCR,"Above ₹7,500",The Westin Gurgaon,5-Star,"Sector 29, Gurugram",No,21469.4,The Westin Gurgaon,39634265:IN,Yes,OK,details room in band (Rooms)
59,Delhi NCR,"Above ₹7,500",Radisson Blu MBD Hotel Noida,5-Star,"Sector 18, Noida",,,,,,NOT_FOUND,NO_MATCH
20,Mumbai,"Above ₹7,500",The Mirador,4-Star,Andheri East,No,7814.34,The Mirador,15340408:IN,4,Yes,Yes,Yes,OK,details room match band+star (Rooms; ★4)
21,Mumbai,"Above ₹7,500",Hotel Cliffton,3-Star,Jogeshwari West,No,7500.69,Hotel Cliffton,21229039:IN,1,Yes,No,No,STAR_MISMATCH,no band+star room (api★=1 want★=3; rates 3521.62–9768.98)
22,Mumbai,"Above ₹7,500",Privilege Inn,3-Star,Malad,No,11688.47,Privilege Inn,39671621:IN,2,Yes,No,No,STAR_MISMATCH,no band+star room (api★=2 want★=3; rates 3696.27–14902.83)
23,Mumbai,"Above ₹7,500",La Hotel Metro,3-Star,Kurla,No,7802.22,La Hotel Metro,15602677:IN,3,Yes,Yes,Yes,OK,details room match band+star (Rooms; ★3)
24,Mumbai,"Above ₹7,500",Hotel Surya Prakash,Budget/3-Star,Chembur,,,Hotel Surya Prakash,71125108:IN,,,,,NO_AVAIL,no priced rooms
25,Mumbai,"Above ₹7,500",Hotel Ashray International,3-Star,Sion / Near BKC,,,Hotel Ashray International,39672099:IN,,,,,NO_AVAIL,no priced rooms
26,Mumbai,"Above ₹7,500",Ajanta Continental,3-Star,Santacruz East,No,3316.49,Hotel Ajanta Continental,70779447:IN,3,No,Yes,No,OUT_OF_BAND,no band+star room (api★=3 want★=3; rates 3316.49–5731.33)
27,Mumbai,"Above ₹7,500",Hotel Auris & Banquets,4-Star,Andheri East,,,,,,,,,NOT_FOUND,NO_MATCH
28,Mumbai,"Above ₹7,500",Hotel Diplomat Colaba,3-Star,Colaba,,,,,,,,,NOT_FOUND,NO_MATCH
29,Mumbai,"Above ₹7,500",Mumbai House Luxury Apartments,Serviced Apartment/4-Star style,Santacruz East,No,5859.46,Mumbai House Luxury Apartments - Santacruz East,71568351:IN,5,No,No,No,FILTER_MISMATCH,no band+star room (api★=5 want★=4; rates 5859.46–6689.03)
30,Mumbai,"Above ₹7,500",The Mirador,4-Star,Andheri East,No,7814.34,The Mirador,15340408:IN,4,Yes,Yes,Yes,OK,details room match band+star (Rooms; ★4)
31,Delhi NCR,Below - 3000,The Golden Tower Near Delhi Airport,Budget / 3-Star,"Mahipalpur, Delhi",,,,,,,,,NOT_FOUND,NO_MATCH
32,Delhi NCR,Below - 3000,Qotel Comfort Chattarpur,Budget,"Chhattarpur, Delhi",,,Qotel Comfort Chattarpur - Near Chattarpur Metro,72267834:IN,,,,,NO_AVAIL,no priced rooms
33,Delhi NCR,Below - 3000,Hotel The Imperio Jasola,3-Star,"Jasola, Delhi",,,,,,,,,NOT_FOUND,NO_MATCH
34,Delhi NCR,Below - 3000,Le ROI Express @ Paharganj,Budget / 3-Star,"Paharganj, Delhi",,,"Le ROI Express, Paharganj",41608861:IN,,,,,NO_AVAIL,no priced rooms
35,Delhi NCR,Below - 3000,Collection O Tilak Nagar,Budget,West Delhi,,,,,,,,,NOT_FOUND,NO_MATCH
36,Delhi NCR,Below - 3000,Sarla Hotel Inn,3-Star,"Sector 62, Noida",No,4296.85,Sarla Hotel Inn,41544922:IN,1,No,No,No,FILTER_MISMATCH,no band+star room (api★=1 want★=3; rates 4296.85–10244.62)
37,Delhi NCR,Below - 3000,Hotel Downtown by Quadis,3-Star,"Sector 15, Noida",Yes,1757.91,Hotel Downtown by Quadis - Sector 51 Noida,70779359:IN,3,Yes,Yes,Yes,OK,details room match band+star (Rooms; ★3)
38,Delhi NCR,Below - 3000,Treebo Accent Park Hotel,3-Star,"Sector 142, Noida",Yes,2025.62,Treebo Accent Park Hotel And Banquet,72375577:IN,3,Yes,Yes,Yes,OK,details room match band+star (Rooms; ★3)
39,Delhi NCR,Below - 3000,Marks Hotel & Banquet,3-Star,"Sector 63A, Noida",No,2157.71,Marks Hotel&Banquet,70488979:IN,3,Yes,Yes,Yes,OK,details room match band+star (Rooms; ★3)
40,Delhi NCR,Below - 3000,Mavens White Artemis Hospital Road,Budget / 3-Star,"Sector 52, Gurugram",Yes,1182.56,Mavens White Artemis Hospital Road,38361956:IN,3,Yes,Yes,Yes,OK,details room match band+star (Rooms; ★3)
41,Delhi NCR,"₹3,000 – ₹7,500",Hotel Apple Villa @ Paharganj,Budget / 3-Star,"Paharganj, Delhi",No,4954.18,Hotel Apple Villa,15312443:IN,3,Yes,Yes,Yes,OK,details room match band+star (Rooms; ★3)
42,Delhi NCR,"₹3,000 – ₹7,500",JRD Exotica – Business Hotel,3-Star,"Safdarjung Enclave, Delhi",,,JRD Exotica,62717224:IN,,,,,NO_AVAIL,no priced rooms
43,Delhi NCR,"₹3,000 – ₹7,500",Qotel Comfort Ashok Vihar,3-Star,"Ashok Vihar, Delhi",,,,,,,,,NOT_FOUND,NO_MATCH
44,Delhi NCR,"₹3,000 – ₹7,500",Hotel The Tark,3-Star,"Mahipalpur, Delhi",No,4397.82,Hotel The Tark,41305270:IN,1,Yes,No,No,STAR_MISMATCH,no band+star room (api★=1 want★=3; rates 195.82–4786.89)
45,Delhi NCR,"₹3,000 – ₹7,500",Iris Park Hotel,3-Star,"Safdarjung Enclave, Delhi",Yes,1743.38,PARK IRIS HOTELS  - MG Road,37779832:IN,3,No,Yes,No,OUT_OF_BAND,no band+star room (api★=3 want★=3; rates 1743.38–2201.5)
46,Delhi NCR,"₹3,000 – ₹7,500",Nirulas Hotel,3-Star,"Sector 2, Noida",,,,,,,,,NOT_FOUND,NO_MATCH
47,Delhi NCR,"₹3,000 – ₹7,500",Hotel Ginzer Plaza,3-Star,"Sector 19, Noida",No,3294.45,Hotel Ginzer Plaza,72378211:IN,3,Yes,Yes,Yes,OK,details room match band+star (Rooms; ★3)
48,Delhi NCR,"₹3,000 – ₹7,500",Hotel Red York,3-Star,"Sector 63A, Noida",No,3674.94,Hotel Red York,41375860:IN,3,Yes,Yes,Yes,OK,details room match band+star (Rooms; ★3)
49,Delhi NCR,"₹3,000 – ₹7,500",Hampton By ICs,4-Star,"Sector 132, Noida",,,,,,,,,NOT_FOUND,NO_MATCH
50,Delhi NCR,"₹3,000 – ₹7,500",Golden Tulip Gurugram,4-Star,"Sector 80, Gurugram",Yes,4454.26,"Golden Tulip Gurugram, Sector - 80",72395039:IN,4,Yes,Yes,Yes,OK,details room match band+star (Rooms; ★4)
51,Delhi NCR,"Above ₹7,500",Radisson Blu Plaza Hotel,5-Star,Delhi Airport / Mahipalpur,,,Radisson Blu Plaza Hotel Mysore,39684512:IN,,,,,NO_AVAIL,no priced rooms
52,Delhi NCR,"Above ₹7,500",The Grand New Delhi,5-Star,Vasant Kunj,No,11238.42,The Grand New Delhi,16449590:IN,5,Yes,Yes,Yes,OK,details room match band+star (Rooms; ★5)
53,Delhi NCR,"Above ₹7,500",Hyatt Regency Delhi,5-Star,Bhikaji Cama Place,No,13399.05,Hyatt Regency Delhi,38961237:IN,5,Yes,Yes,Yes,OK,details room match band+star (Rooms; ★5)
54,Delhi NCR,"Above ₹7,500",The Lalit New Delhi,5-Star,Connaught Place,No,13150.28,The Lalit New Delhi,39690777:IN,5,Yes,Yes,Yes,OK,details room match band+star (Rooms; ★5)
55,Delhi NCR,"Above ₹7,500",Le Méridien New Delhi,5-Star,Connaught Place,,,,,,,,,NOT_FOUND,NO_MATCH
56,Delhi NCR,"Above ₹7,500","The Oberoi, New Delhi",5-Star,Golf Links,No,35123.85,"The Oberoi, New Delhi",39614567:IN,5,Yes,Yes,Yes,OK,details room match band+star (Rooms; ★5)
57,Delhi NCR,"Above ₹7,500","Taj Palace, New Delhi",5-Star,Chanakyapuri,No,14423.78,Taj Palace New Delhi,39811711:IN,5,Yes,Yes,Yes,OK,details room match band+star (Rooms; ★5)
58,Delhi NCR,"Above ₹7,500",The Westin Gurgaon,5-Star,"Sector 29, Gurugram",No,21469.4,The Westin Gurgaon,39634265:IN,5,Yes,Yes,Yes,OK,details room match band+star (Rooms; ★5)
59,Delhi NCR,"Above ₹7,500",Radisson Blu MBD Hotel Noida,5-Star,"Sector 18, Noida",,,,,,,,,NOT_FOUND,NO_MATCH
60,Delhi NCR,"Above ₹7,500",Crowne Plaza Greater Noida,5-Star,Greater Noida,No,17253.14,Crowne Plaza Greater Noida,39662149:IN,Yes,OK,details room in band (Rooms)
60,Delhi NCR,"Above ₹7,500",Crowne Plaza Greater Noida,5-Star,Greater Noida,No,17253.14,Crowne Plaza Greater Noida,39662149:IN,5,Yes,Yes,Yes,OK,details room match band+star (Rooms; ★5)
61,Bengaluru,Below - 3000,Treebo Comfy Business,3-Star,Koramangala / Hosur Road,,,"Treebo Comfy Business, Opp Nexus Mall Koramangala",72240289:IN,,NO_AVAIL,no priced rooms
61,Bengaluru,Below - 3000,Treebo Comfy Business,3-Star,Koramangala / Hosur Road,,,"Treebo Comfy Business, Opp Nexus Mall Koramangala",72240289:IN,,,,,NO_AVAIL,no priced rooms
62,Bengaluru,Below - 3000,Essotto Business Hotel,3-Star,Whitefield,No,614.07,"Essotto Business Hotel - Whitefield, Bengaluru",70510420:IN,Yes,OK,details room in band (Rooms)
63,Bengaluru,Below - 3000,Z Express Highstreet,3-Star,Hosur Road / Electronic City,,,Z Express Highstreet,72267810:IN,,NO_AVAIL,no priced rooms
62,Bengaluru,Below - 3000,Essotto Business Hotel,3-Star,Whitefield,No,614.07,"Essotto Business Hotel - Whitefield, Bengaluru",70510420:IN,4,Yes,No,No,STAR_MISMATCH,no band+star room (api★=4 want★=3; rates 614.07–5467.78)
63,Bengaluru,Below - 3000,Z Express Highstreet,3-Star,Hosur Road / Electronic City,,,Z Express Highstreet,72267810:IN,,,,,NO_AVAIL,no priced rooms
64,Bengaluru,Below - 3000,New Rainbow Business Hotel,3-Star,Bengaluru,Yes,2052.3,New Rainbow Business Hotel,41345597:IN,3,Yes,Yes,Yes,OK,details room match band+star (Rooms; ★3)
64,Bengaluru,Below - 3000,New Rainbow Business Hotel,3-Star,Bengaluru,Yes,2052.3,New Rainbow Business Hotel,41345597:IN,Yes,OK,details room in band (Rooms)
65,Bengaluru,Below - 3000,The Lounge Business Hotel,3-Star,Kalasipalyam,,,The Lounge Business Hotel,16521035:IN,,,,,NO_AVAIL,no priced rooms
65,Bengaluru,Below - 3000,The Lounge Business Hotel,3-Star,Kalasipalyam,,,The Lounge Business Hotel,16521035:IN,,NO_AVAIL,no priced rooms
66,Bengaluru,Below - 3000,Corporate Comforts Hotel,3-Star / Budget,Jayanagar,,,Royal Comforts Budigere by Corporate Hotelz,71358438:IN,,,,,NO_AVAIL,no priced rooms
67,Bengaluru,Below - 3000,Olive Hotel JP Nagar Metro,3-Star / Budget,JP Nagar,,,,,,,,,NOT_FOUND,NO_MATCH
66,Bengaluru,Below - 3000,Corporate Comforts Hotel,3-Star / Budget,Jayanagar,,,Royal Comforts Budigere by Corporate Hotelz,71358438:IN,,NO_AVAIL,no priced rooms
68,Bengaluru,Below - 3000,Open Hotel by Olive – We Square,3-Star / Budget,Sarjapur Road,,,Open Hotel by Olive – Xotel,39066390:IN,,,,,NO_AVAIL,no priced rooms
67,Bengaluru,Below - 3000,Olive Hotel JP Nagar Metro,3-Star / Budget,JP Nagar,,,,,,NOT_FOUND,NO_MATCH
69,Bengaluru,Below - 3000,Olive Hotel Nagawara,3-Star / Budget,Nagawara,,,,,,,,,NOT_FOUND,NO_MATCH
68,Bengaluru,Below - 3000,Open Hotel by Olive – We Square,3-Star / Budget,Sarjapur Road,,,Open Hotel by Olive – Xotel,39066390:IN,,NO_AVAIL,no priced rooms
70,Bengaluru,Below - 3000,Open Hotel by Olive – Xotel Koramangala,3-Star / Budget,Koramangala,,,Open Hotel by Olive – Xotel,39066390:IN,,,,,NO_AVAIL,no priced rooms
69,Bengaluru,Below - 3000,Olive Hotel Nagawara,3-Star / Budget,Nagawara,,,,,,NOT_FOUND,NO_MATCH
70,Bengaluru,Below - 3000,Open Hotel by Olive – Xotel Koramangala,3-Star / Budget,Koramangala,,,Open Hotel by Olive – Xotel,39066390:IN,,NO_AVAIL,no priced rooms
71,Bengaluru,"₹3,000 – ₹7,500",The Chancery Pavilion,4-Star,Ashok Nagar / Residency Road,Yes,4591,"The Chancery Pavilion, Bangalore",39643871:IN,5,Yes,No,No,STAR_MISMATCH,no band+star room (api★=5 want★=4; rates 4591–19237.81)
71,Bengaluru,"₹3,000 – ₹7,500",The Chancery Pavilion,4-Star,Ashok Nagar / Residency Road,Yes,4591,"The Chancery Pavilion, Bangalore",39643871:IN,Yes,OK,details room in band (Rooms)
72,Bengaluru,"₹3,000 – ₹7,500",Ibis Bengaluru City Centre,3-Star,Sampangi Rama Nagar,No,5298.29,ibis Bengaluru City Centre,39628946:IN,4,Yes,No,No,STAR_MISMATCH,no band+star room (api★=4 want★=3; rates 5298.29–9941.64)
72,Bengaluru,"₹3,000 – ₹7,500",Ibis Bengaluru City Centre,3-Star,Sampangi Rama Nagar,No,5298.29,ibis Bengaluru City Centre,39628946:IN,Yes,OK,details room in band (Rooms)
73,Bengaluru,"₹3,000 – ₹7,500",Fortune Park JP Celestial,4-Star,Gandhi Nagar,No,5109.82,Fortune Park JP Celestial,39523672:IN,5,Yes,No,No,STAR_MISMATCH,no band+star room (api★=5 want★=4; rates 5109.82–13346.52)
73,Bengaluru,"₹3,000 – ₹7,500",Fortune Park JP Celestial,4-Star,Gandhi Nagar,No,5109.82,Fortune Park JP Celestial,39523672:IN,Yes,OK,details room in band (Rooms)
74,Bengaluru,"₹3,000 – ₹7,500",ibis Bengaluru Hebbal,3-Star,Hebbal / Manyata,No,5702.55,Ibis Bengaluru Hebbal,41486792:IN,Yes,OK,details room in band (Rooms)
74,Bengaluru,"₹3,000 – ₹7,500",ibis Bengaluru Hebbal,3-Star,Hebbal / Manyata,No,5702.55,Ibis Bengaluru Hebbal,41486792:IN,3,Yes,Yes,Yes,OK,details room match band+star (Rooms; ★3)
75,Bengaluru,"₹3,000 – ₹7,500",Davanam Sarovar Portico Suites,4-Star,Koramangala,,,TBD Davanam Sarovar Portico Suites,70466354:IN,,NO_AVAIL,no priced rooms
75,Bengaluru,"₹3,000 – ₹7,500",Davanam Sarovar Portico Suites,4-Star,Koramangala,,,TBD Davanam Sarovar Portico Suites,70466354:IN,,,,,NO_AVAIL,no priced rooms
76,Bengaluru,"₹3,000 – ₹7,500",VIVIDUS Hotel – Racecourse,4-Star,Gandhi Nagar / Racecourse,Yes,3613.02,Vividus Hotel Bangalore,39674098:IN,Yes,OK,details room in band (Rooms)
77,Bengaluru,"₹3,000 – ₹7,500",ZION – A Luxurious Hotel,3-Star/4-Star,Gandhi Nagar,,,Zion,15366143:RU,,NO_AVAIL,no priced rooms
76,Bengaluru,"₹3,000 – ₹7,500",VIVIDUS Hotel – Racecourse,4-Star,Gandhi Nagar / Racecourse,Yes,3613.02,Vividus Hotel Bangalore,39674098:IN,3,Yes,No,No,STAR_MISMATCH,no band+star room (api★=3 want★=4; rates 3613.02–13346.52)
77,Bengaluru,"₹3,000 – ₹7,500",ZION – A Luxurious Hotel,3-Star/4-Star,Gandhi Nagar,,,Zion,15366143:RU,,,,,NO_AVAIL,no priced rooms
78,Bengaluru,"₹3,000 – ₹7,500",Park Inn & Suites by Radisson Bengaluru Yelahanka,4-Star,Yelahanka,No,5210.73,Park Inn & Suites by Radisson Bengaluru Yelahanka,70525195:IN,Yes,OK,details room in band (Rooms)
78,Bengaluru,"₹3,000 – ₹7,500",Park Inn & Suites by Radisson Bengaluru Yelahanka,4-Star,Yelahanka,No,5210.73,Park Inn & Suites by Radisson Bengaluru Yelahanka,70525195:IN,4,Yes,Yes,Yes,OK,details room match band+star (Rooms; ★4)
79,Bengaluru,"₹3,000 – ₹7,500",Holiday Inn Express Bengaluru Whitefield ITPL,3-Star,Whitefield / ITPL,No,3024.34,Holiday Inn Express Bengaluru Whitefield ITPL,39686894:IN,3,Yes,Yes,Yes,OK,details room match band+star (Rooms; ★3)
79,Bengaluru,"₹3,000 – ₹7,500",Holiday Inn Express Bengaluru Whitefield ITPL,3-Star,Whitefield / ITPL,No,3024.34,Holiday Inn Express Bengaluru Whitefield ITPL,39686894:IN,Yes,OK,details room in band (Rooms)
80,Bengaluru,"₹3,000 – ₹7,500",Spektrum Hotel Bengaluru Airport,4-Star,Near Kempegowda Airport,No,3942.37,Spektrum Hotel Bengaluru Airport,70779361:IN,Yes,OK,details room in band (Rooms)
80,Bengaluru,"₹3,000 – ₹7,500",Spektrum Hotel Bengaluru Airport,4-Star,Near Kempegowda Airport,No,3942.37,Spektrum Hotel Bengaluru Airport,70779361:IN,3,Yes,No,No,STAR_MISMATCH,no band+star room (api★=3 want★=4; rates 3942.37–6160.38)
81,Bengaluru,"Above ₹7,500",Radisson Blu Atria Bengaluru,5-Star,Palace Road / CBD,No,7537.51,Radisson Blu Atria Bengaluru,39692716:IN,5,Yes,Yes,Yes,OK,details room match band+star (Rooms; ★5)
82,Bengaluru,"Above ₹7,500",Welcomhotel by ITC Hotels,5-Star,Richmond Road,,,"Welcomhotel by ITC Hotels, Richmond Road, Bengaluru",39031406:IN,,,,,NO_AVAIL,no priced rooms
81,Bengaluru,"Above ₹7,500",Radisson Blu Atria Bengaluru,5-Star,Palace Road / CBD,No,7537.51,Radisson Blu Atria Bengaluru,39692716:IN,Yes,OK,details room in band (Rooms)
82,Bengaluru,"Above ₹7,500",Welcomhotel by ITC Hotels,5-Star,Richmond Road,,,"Welcomhotel by ITC Hotels, Richmond Road, Bengaluru",39031406:IN,,NO_AVAIL,no priced rooms
83,Bengaluru,"Above ₹7,500","Country Inn & Suites by Radisson, Bengaluru Hebbal Road",4-Star,Hebbal / Manyata,No,50302,Country Inn & Suites by Radisson Jammu,39686827:IN,4,Yes,Yes,Yes,OK,details room match band+star (Rooms; ★4)
83,Bengaluru,"Above ₹7,500","Country Inn & Suites by Radisson, Bengaluru Hebbal Road",4-Star,Hebbal / Manyata,No,50302,Country Inn & Suites by Radisson Jammu,39686827:IN,Yes,OK,details room in band (Rooms)
84,Bengaluru,"Above ₹7,500",Lemon Tree Premier Ulsoor Lake,4-Star,Ulsoor,No,7537.51,Lemon Tree Premier Ulsoor Lake Bengaluru,39031384:IN,Yes,OK,details room in band (Rooms)
84,Bengaluru,"Above ₹7,500",Lemon Tree Premier Ulsoor Lake,4-Star,Ulsoor,No,7523.06,Lemon Tree Premier Ulsoor Lake Bengaluru,39031384:IN,4,Yes,Yes,Yes,OK,details room match band+star (Rooms; ★4)
85,Bengaluru,"Above ₹7,500",Taj Yeshwantpur,5-Star,Yeshwanthpur,No,7800.77,"Taj Yeshwantpur, Bangalore",38943783:IN,5,Yes,Yes,Yes,OK,details room match band+star (Rooms; ★5)
85,Bengaluru,"Above ₹7,500",Taj Yeshwantpur,5-Star,Yeshwanthpur,No,7800.77,"Taj Yeshwantpur, Bangalore",38943783:IN,Yes,OK,details room in band (Rooms)
86,Bengaluru,"Above ₹7,500",ITC Windsor,5-Star,Vasanth Nagar,No,15072.07,Itc Windsor,39715735:IN,Yes,OK,details room in band (Rooms)
86,Bengaluru,"Above ₹7,500",ITC Windsor,5-Star,Vasanth Nagar,No,15072.07,Itc Windsor,39715735:IN,5,Yes,Yes,Yes,OK,details room match band+star (Rooms; ★5)
87,Bengaluru,"Above ₹7,500",ITC Gardenia,5-Star,Residency Road / CBD,No,20058.25,Itc Gardenia A Luxury Collection Hotel Bengaluru,39346139:IN,5,Yes,Yes,Yes,OK,details room match band+star (Rooms; ★5)
88,Bengaluru,"Above ₹7,500",The Leela Palace Bengaluru,5-Star,HAL / Old Airport Road,,,,,,,,,NOT_FOUND,NO_MATCH
87,Bengaluru,"Above ₹7,500",ITC Gardenia,5-Star,Residency Road / CBD,No,20058.25,Itc Gardenia A Luxury Collection Hotel Bengaluru,39346139:IN,Yes,OK,details room in band (Rooms)
88,Bengaluru,"Above ₹7,500",The Leela Palace Bengaluru,5-Star,HAL / Old Airport Road,,,,,,NOT_FOUND,NO_MATCH
89,Bengaluru,"Above ₹7,500","The Ritz-Carlton, Bangalore",5-Star,Residency Road,No,30265.59,"The Ritz-Carlton, Bangalore",39664223:IN,5,Yes,Yes,Yes,OK,details room match band+star (Rooms; ★5)
89,Bengaluru,"Above ₹7,500","The Ritz-Carlton, Bangalore",5-Star,Residency Road,No,30265.59,"The Ritz-Carlton, Bangalore",39664223:IN,Yes,OK,details room in band (Rooms)
90,Bengaluru,"Above ₹7,500",Four Seasons Hotel Bengaluru at Embassy ONE,5-Star,Hebbal / North Bengaluru,No,20590.45,Four Seasons Hotel Bengaluru at Embassy One,16005152:IN,5,Yes,Yes,Yes,OK,details room match band+star (Rooms; ★5)
91,Hyderabad,Below - 3000,The Itihas Business Hotel,3-Star,Madhapur / HITEC City,No,1981.99,The Itihas Business Hotel,72472701:IN,3,Yes,Yes,Yes,OK,details room match band+star (Rooms; ★3)
90,Bengaluru,"Above ₹7,500",Four Seasons Hotel Bengaluru at Embassy ONE,5-Star,Hebbal / North Bengaluru,No,20590.45,Four Seasons Hotel Bengaluru at Embassy One,16005152:IN,Yes,OK,details room in band (Rooms)
91,Hyderabad,Below - 3000,The Itihas Business Hotel,3-Star,Madhapur / HITEC City,No,1981.99,The Itihas Business Hotel,72472701:IN,Yes,OK,details room in band (Rooms)
92,Hyderabad,Below - 3000,Oak Business Hotel,3-Star,Kondapur / Gachibowli,No,2049.41,Oak Business Hotel,70487706:IN,3,Yes,Yes,Yes,OK,details room match band+star (Rooms; ★3)
92,Hyderabad,Below - 3000,Oak Business Hotel,3-Star,Kondapur / Gachibowli,No,2049.41,Oak Business Hotel,70487706:IN,Yes,OK,details room in band (Rooms)
93,Hyderabad,Below - 3000,Westside Hotel Hyderabad,3-Star,HITEC City,,,,,,,,,NOT_FOUND,NO_MATCH
93,Hyderabad,Below - 3000,Westside Hotel Hyderabad,3-Star,HITEC City,,,,,,NOT_FOUND,NO_MATCH
94,Hyderabad,Below - 3000,Sunrise Business Hotel,3-Star,Sanjeeva Reddy Nagar,Yes,2606.85,Sunrise Business Hotel,71077661:IN,2,Yes,No,No,STAR_MISMATCH,no band+star room (api★=2 want★=3; rates 2606.85–6101.23)
94,Hyderabad,Below - 3000,Sunrise Business Hotel,3-Star,Sanjeeva Reddy Nagar,Yes,2606.85,Sunrise Business Hotel,71077661:IN,Yes,OK,details room in band (Rooms)
95,Hyderabad,Below - 3000,Swan Suites Gachibowli,3-Star,Gachibowli,No,2321.34,Hotel Swan Suites Gachibowli,39815665:IN,Yes,OK,details room in band (Rooms)
95,Hyderabad,Below - 3000,Swan Suites Gachibowli,3-Star,Gachibowli,No,2321.34,Hotel Swan Suites Gachibowli,39815665:IN,1,Yes,No,No,STAR_MISMATCH,no band+star room (api★=1 want★=3; rates 2321.34–5703.86)
96,Hyderabad,Below - 3000,FabHotel Smart – Citizens Specialty Hospital,3-Star,Nallagandla,Yes,1000.2,Fabhotel Smart,72241100:IN,Yes,OK,details room in band (Rooms)
96,Hyderabad,Below - 3000,FabHotel Smart – Citizens Specialty Hospital,3-Star,Nallagandla,Yes,1000.2,Fabhotel Smart,72241100:IN,3,Yes,Yes,Yes,OK,details room match band+star (Rooms; ★3)
97,Hyderabad,Below - 3000,Hotel Imperial Classic,3-Star,Himayat Nagar,,,OYO 73583 Hotel Imperial Classic,38672266:IN,,,,,NO_AVAIL,no priced rooms
97,Hyderabad,Below - 3000,Hotel Imperial Classic,3-Star,Himayat Nagar,,,OYO 73583 Hotel Imperial Classic,38672266:IN,,NO_AVAIL,no priced rooms
98,Hyderabad,Below - 3000,Monday Hotels HITEC City,3-Star,HITEC City,No,3521.93,Monday Hotels Hitec City,39874317:IN,No,OUT_OF_BAND,details cheapest outside band (min=3521.93 max=8757.2)
98,Hyderabad,Below - 3000,Monday Hotels HITEC City,3-Star,HITEC City,No,3521.93,Monday Hotels Hitec City,39874317:IN,3,No,Yes,No,OUT_OF_BAND,no band+star room (api★=3 want★=3; rates 3521.93–8757.2)
99,Hyderabad,Below - 3000,Destino by Monday Hotels,3-Star,Gachibowli,Yes,3422.48,Destino by Monday Hotels Gachibowli,41604876:IN,3,No,Yes,No,OUT_OF_BAND,no band+star room (api★=3 want★=3; rates 3422.48–7153.43)
100,Hyderabad,Below - 3000,Royalton Hotel,3-Star,Abids / Central Hyderabad,,,Royalton Hotel & Resorts,39858961:IN,,,,,NO_AVAIL,no priced rooms
99,Hyderabad,Below - 3000,Destino by Monday Hotels,3-Star,Gachibowli,Yes,3422.48,Destino by Monday Hotels Gachibowli,41604876:IN,No,OUT_OF_BAND,details cheapest outside band (min=3422.48 max=7153.43)
100,Hyderabad,Below - 3000,Royalton Hotel,3-Star,Abids / Central Hyderabad,,,Royalton Hotel & Resorts,39858961:IN,,NO_AVAIL,no priced rooms
101,Hyderabad,"₹3,000 – ₹7,500",Hotel Deccan Serai Grande,4-Star,Gachibowli,No,19182.68,Hotel Deccan Serai Grande,41486573:IN,No,OUT_OF_BAND,details cheapest outside band (min=19182.68 max=31243.95)
102,Hyderabad,"₹3,000 – ₹7,500","Red Fox by Lemon Tree Hotels, Hyderabad",3-Star,HITEC City,,,RED FOX BY LEMON TREE HOTELS,31969341:IN,,NO_AVAIL,no priced rooms
103,Hyderabad,"₹3,000 – ₹7,500","Holiday Inn Express Hyderabad Hitec City, an IHG Hotel",3-Star,HITEC City,,,,,,NOT_FOUND,NO_MATCH
101,Hyderabad,"₹3,000 – ₹7,500",Hotel Deccan Serai Grande,4-Star,Gachibowli,No,19182.68,Hotel Deccan Serai Grande,41486573:IN,4,No,Yes,No,OUT_OF_BAND,no band+star room (api★=4 want★=4; rates 19182.68–31243.95)
102,Hyderabad,"₹3,000 – ₹7,500","Red Fox by Lemon Tree Hotels, Hyderabad",3-Star,HITEC City,,,RED FOX BY LEMON TREE HOTELS,31969341:IN,,,,,NO_AVAIL,no priced rooms
103,Hyderabad,"₹3,000 – ₹7,500","Holiday Inn Express Hyderabad Hitec City, an IHG Hotel",3-Star,HITEC City,,,,,,,,,NOT_FOUND,NO_MATCH
104,Hyderabad,"₹3,000 – ₹7,500","Lemon Tree Hotel, Gachibowli",4-Star,Gachibowli,Yes,18289.78,Lemon Tree Hotel Gachibowli,39685173:IN,No,OUT_OF_BAND,details cheapest outside band (min=18289.78 max=70604.64)
104,Hyderabad,"₹3,000 – ₹7,500","Lemon Tree Hotel, Gachibowli",4-Star,Gachibowli,Yes,18289.78,Lemon Tree Hotel Gachibowli,39685173:IN,3,No,No,No,FILTER_MISMATCH,no band+star room (api★=3 want★=4; rates 18289.78–70604.64)
105,Hyderabad,"₹3,000 – ₹7,500","Lemon Tree Premier, HITEC City",4-Star,HITEC City / Madhapur,Yes,14327.32,Lemon Tree Premier Hitec City Hyderabad,39766526:IN,No,OUT_OF_BAND,details cheapest outside band (min=14327.32 max=48565.45)
106,Hyderabad,"₹3,000 – ₹7,500",Grand Continent Gachibowli,3-Star,Gachibowli,,,Hotel Grand Continent Gachibowli,72315543:IN,,NO_AVAIL,no priced rooms
107,Hyderabad,"₹3,000 – ₹7,500",Ellaa Hotel,4-Star,Gachibowli,,,Ellaa Hotel,16234875:IN,,NO_AVAIL,no priced rooms
105,Hyderabad,"₹3,000 – ₹7,500","Lemon Tree Premier, HITEC City",4-Star,HITEC City / Madhapur,Yes,14327.32,Lemon Tree Premier Hitec City Hyderabad,39766526:IN,1,No,No,No,FILTER_MISMATCH,no band+star room (api★=1 want★=4; rates 14327.32–48565.45)
106,Hyderabad,"₹3,000 – ₹7,500",Grand Continent Gachibowli,3-Star,Gachibowli,,,Hotel Grand Continent Gachibowli,72315543:IN,,,,,NO_AVAIL,no priced rooms
107,Hyderabad,"₹3,000 – ₹7,500",Ellaa Hotel,4-Star,Gachibowli,,,Ellaa Hotel,16234875:IN,,,,,NO_AVAIL,no priced rooms
108,Hyderabad,"₹3,000 – ₹7,500",Ibis Hyderabad HITEC City,3-Star,HITEC City,No,13144.79,ibis Hyderabad HITEC City,39672224:IN,3,No,Yes,No,OUT_OF_BAND,no band+star room (api★=3 want★=3; rates 13144.79–18002.84)
108,Hyderabad,"₹3,000 – ₹7,500",Ibis Hyderabad HITEC City,3-Star,HITEC City,No,13144.79,ibis Hyderabad HITEC City,39672224:IN,No,OUT_OF_BAND,details cheapest outside band (min=13144.79 max=18002.84)
109,Hyderabad,"₹3,000 – ₹7,500",Deccan Serai Hotel,4-Star,HITEC City / Gachibowli,No,21149.95,"Hotel Deccan Serai , Hitech city",15385670:IN,3,No,No,No,FILTER_MISMATCH,no band+star room (api★=3 want★=4; rates 21149.95–35874.12)
109,Hyderabad,"₹3,000 – ₹7,500",Deccan Serai Hotel,4-Star,HITEC City / Gachibowli,No,21149.95,"Hotel Deccan Serai , Hitech city",15385670:IN,No,OUT_OF_BAND,details cheapest outside band (min=21149.95 max=35874.12)
110,Hyderabad,"₹3,000 – ₹7,500",Serenity Inn La Vista,3-Star,HITEC City,Yes,4126.39,Serenity Inn La Vista,15600261:IN,3,Yes,Yes,Yes,OK,details room match band+star (Rooms; ★3)
110,Hyderabad,"₹3,000 – ₹7,500",Serenity Inn La Vista,3-Star,HITEC City,Yes,4126.39,Serenity Inn La Vista,15600261:IN,Yes,OK,details room in band (Rooms)
111,Hyderabad,"Above ₹7,500","Trident, Hyderabad",5-Star,HITEC City / Madhapur,No,11365.17,Trident Hyderabad,15377464:IN,5,Yes,Yes,Yes,OK,details room match band+star (Rooms; ★5)
111,Hyderabad,"Above ₹7,500","Trident, Hyderabad",5-Star,HITEC City / Madhapur,No,11365.17,Trident Hyderabad,15377464:IN,Yes,OK,details room in band (Rooms)
112,Hyderabad,"Above ₹7,500",Radisson Hotel Hyderabad Hitec City,5-Star,Gachibowli,,,,,,,,,NOT_FOUND,NO_MATCH
112,Hyderabad,"Above ₹7,500",Radisson Hotel Hyderabad Hitec City,5-Star,Gachibowli,,,,,,NOT_FOUND,NO_MATCH
113,Hyderabad,"Above ₹7,500",The Westin Hyderabad Mindspace,5-Star,HITEC City,No,26189.08,The Westin Hyderabad Mindspace,39660183:IN,Yes,OK,details room in band (Rooms)
113,Hyderabad,"Above ₹7,500",The Westin Hyderabad Mindspace,5-Star,HITEC City,No,26189.08,The Westin Hyderabad Mindspace,39660183:IN,5,Yes,Yes,Yes,OK,details room match band+star (Rooms; ★5)
114,Hyderabad,"Above ₹7,500",Avasa,5-Star,HITEC City,No,12866.88,Avasa Hotel,39675409:IN,Yes,OK,details room in band (Rooms)
114,Hyderabad,"Above ₹7,500",Avasa,5-Star,HITEC City,No,12866.88,Avasa Hotel,39675409:IN,5,Yes,Yes,Yes,OK,details room match band+star (Rooms; ★5)
115,Hyderabad,"Above ₹7,500",Hyderabad Marriott Hotel & Convention Centre,5-Star,Tank Bund / Central Hyderabad,No,10771.6,Hyderabad Marriott Hotel & Convention Centre,39711473:IN,5,Yes,Yes,Yes,OK,details room match band+star (Rooms; ★5)
116,Hyderabad,"Above ₹7,500",Courtyard by Marriott Hyderabad,5-Star,Tank Bund / Central Hyderabad,,,,,,,,,NOT_FOUND,NO_MATCH
117,Hyderabad,"Above ₹7,500",ITC Kohenur,5-Star,Madhapur / HITEC City,,,,,,,,,NOT_FOUND,NO_MATCH
115,Hyderabad,"Above ₹7,500",Hyderabad Marriott Hotel & Convention Centre,5-Star,Tank Bund / Central Hyderabad,No,10771.6,Hyderabad Marriott Hotel & Convention Centre,39711473:IN,Yes,OK,details room in band (Rooms)
116,Hyderabad,"Above ₹7,500",Courtyard by Marriott Hyderabad,5-Star,Tank Bund / Central Hyderabad,,,,,,NOT_FOUND,NO_MATCH
117,Hyderabad,"Above ₹7,500",ITC Kohenur,5-Star,Madhapur / HITEC City,,,,,,NOT_FOUND,NO_MATCH
118,Hyderabad,"Above ₹7,500",Novotel Hyderabad Convention Centre,5-Star,HITEC City / Kondapur,No,8861.45,Novotel Hyderabad Convention Centre,39659317:IN,Yes,OK,details room in band (Rooms)
118,Hyderabad,"Above ₹7,500",Novotel Hyderabad Convention Centre,5-Star,HITEC City / Kondapur,No,8861.45,Novotel Hyderabad Convention Centre,39659317:IN,5,Yes,Yes,Yes,OK,details room match band+star (Rooms; ★5)
119,Hyderabad,"Above ₹7,500",Park Hyatt Hyderabad,5-Star,Banjara Hills,No,26046.06,Park Hyatt Hyderabad,15345477:IN,5,Yes,Yes,Yes,OK,details room match band+star (Rooms; ★5)
119,Hyderabad,"Above ₹7,500",Park Hyatt Hyderabad,5-Star,Banjara Hills,No,26046.06,Park Hyatt Hyderabad,15345477:IN,Yes,OK,details room in band (Rooms)
120,Hyderabad,"Above ₹7,500",Hyderabad Marriott Executive Apartments,5-Star / Serviced Apartments,Gachibowli,No,28160.54,Marriott Executive Apartments Hyderabad,15718316:IN,5,Yes,Yes,Yes,OK,details room match band+star (Rooms; ★5)
120,Hyderabad,"Above ₹7,500",Hyderabad Marriott Executive Apartments,5-Star / Serviced Apartments,Gachibowli,No,28160.54,Marriott Executive Apartments Hyderabad,15718316:IN,Yes,OK,details room in band (Rooms)
121,Chennai,Below - 3000,Kans One,3-Star,Kodambakkam,No,1403.04,Kans One,15383819:IN,Yes,OK,details room in band (Rooms)
121,Chennai,Below - 3000,Kans One,3-Star,Kodambakkam,No,1403.04,Kans One,15383819:IN,3,Yes,Yes,Yes,OK,details room match band+star (Rooms; ★3)
122,Chennai,Below - 3000,Hotel Ashok Residency,3-Star,Porur,Yes,1987.71,Hotel Ashok Residency,15393810:IN,4,Yes,No,No,STAR_MISMATCH,no band+star room (api★=4 want★=3; rates 1987.71–11087.12)
122,Chennai,Below - 3000,Hotel Ashok Residency,3-Star,Porur,Yes,1987.71,Hotel Ashok Residency,15393810:IN,Yes,OK,details room in band (Rooms)
123,Chennai,Below - 3000,Treebo Flora Embassy,3-Star,Thousand Lights,Yes,2914.94,Treebo Flora Embassy,72311945:IN,3,Yes,Yes,Yes,OK,details room match band+star (Rooms; ★3)
123,Chennai,Below - 3000,Treebo Flora Embassy,3-Star,Thousand Lights,Yes,2914.94,Treebo Flora Embassy,72311945:IN,Yes,OK,details room in band (Rooms)
124,Chennai,Below - 3000,Grand Parkway,3-Star,Tambaram,No,1807.56,Grand Parkway,39667777:IN,2,Yes,No,No,STAR_MISMATCH,no band+star room (api★=2 want★=3; rates 1807.56–4008.75)
125,Chennai,Below - 3000,Sand Silver Business Hotel,3-Star,Chennai Central / Periamet,No,1973.88,Sand Silver Business Hotel,15519282:IN,3,Yes,Yes,Yes,OK,details room match band+star (Rooms; ★3)
124,Chennai,Below - 3000,Grand Parkway,3-Star,Tambaram,No,1807.56,Grand Parkway,39667777:IN,Yes,OK,details room in band (Rooms)
125,Chennai,Below - 3000,Sand Silver Business Hotel,3-Star,Chennai Central / Periamet,No,1973.88,Sand Silver Business Hotel,15519282:IN,Yes,OK,details room in band (Rooms)
126,Chennai,Below - 3000,4U Business Class Hotel,3-Star,Chennai Central,,,4U Business Class Hotel,15789469:IN,,NO_AVAIL,no priced rooms
126,Chennai,Below - 3000,4U Business Class Hotel,3-Star,Chennai Central,,,4U Business Class Hotel,15789469:IN,,,,,NO_AVAIL,no priced rooms
127,Chennai,Below - 3000,Arunaa Inn,3-Star,Chennai Airport,,,"Arunaa Inn Airport Hotel, Chennai",41546868:IN,,NO_AVAIL,no priced rooms
127,Chennai,Below - 3000,Arunaa Inn,3-Star,Chennai Airport,,,"Arunaa Inn Airport Hotel, Chennai",41546868:IN,,,,,NO_AVAIL,no priced rooms
128,Chennai,Below - 3000,UPAR Hotels – T Nagar,3-Star,T. Nagar,No,2208.38,Upar Hotels T Nagar,41415215:IN,Yes,OK,details room in band (Rooms)
129,Chennai,Below - 3000,Perfect Stay – Kovilambakkam,3-Star,Kovilambakkam / OMR corridor,,,Perfect Stay,70875959:IN,,NO_AVAIL,no priced rooms
130,Chennai,Below - 3000,AL Noor Residency,3-Star,Parry's Corner,,,Al Noor Residency Business Class Hotel,53584929:IN,,NO_AVAIL,no priced rooms
131,Chennai,"₹3,000 – ₹7,500",Ginger Chennai OMR,3-Star,OMR / Navalur,No,3088.67,Ginger Chennai Omr,41545445:IN,Yes,OK,details room in band (Rooms)
128,Chennai,Below - 3000,UPAR Hotels – T Nagar,3-Star,T. Nagar,No,2208.38,Upar Hotels T Nagar,41415215:IN,3,Yes,Yes,Yes,OK,details room match band+star (Rooms; ★3)
129,Chennai,Below - 3000,Perfect Stay – Kovilambakkam,3-Star,Kovilambakkam / OMR corridor,,,Perfect Stay,70875959:IN,,,,,NO_AVAIL,no priced rooms
130,Chennai,Below - 3000,AL Noor Residency,3-Star,Parry's Corner,,,Al Noor Residency Business Class Hotel,53584929:IN,,,,,NO_AVAIL,no priced rooms
131,Chennai,"₹3,000 – ₹7,500",Ginger Chennai OMR,3-Star,OMR / Navalur,No,3088.67,Ginger Chennai Omr,41545445:IN,3,Yes,Yes,Yes,OK,details room match band+star (Rooms; ★3)
132,Chennai,"₹3,000 – ₹7,500",ibis Chennai OMR,3-Star,Sholinganallur / OMR,No,3648.49,Ibis Chennai Omr,40126937:IN,3,Yes,Yes,Yes,OK,details room match band+star (Rooms; ★3)
132,Chennai,"₹3,000 – ₹7,500",ibis Chennai OMR,3-Star,Sholinganallur / OMR,No,3648.49,Ibis Chennai Omr,40126937:IN,Yes,OK,details room in band (Rooms)
133,Chennai,"₹3,000 – ₹7,500",Holiday Inn Express Chennai OMR,3-Star,Thoraipakkam / OMR,No,3440.81,Holiday Inn Express Chennai OMR Thoraipakkam,15474264:IN,3,Yes,Yes,Yes,OK,details room match band+star (Rooms; ★3)
133,Chennai,"₹3,000 – ₹7,500",Holiday Inn Express Chennai OMR,3-Star,Thoraipakkam / OMR,No,3440.81,Holiday Inn Express Chennai OMR Thoraipakkam,15474264:IN,Yes,OK,details room in band (Rooms)
134,Chennai,"₹3,000 – ₹7,500",Hablis – A Business Hotel,4-Star,Guindy,Yes,5015.74,Hablis Chennai Hotel,39693157:IN,Yes,OK,details room in band (Rooms)
134,Chennai,"₹3,000 – ₹7,500",Hablis – A Business Hotel,4-Star,Guindy,Yes,5015.74,Hablis Chennai Hotel,39693157:IN,4,Yes,Yes,Yes,OK,details room match band+star (Rooms; ★4)
135,Chennai,"₹3,000 – ₹7,500","Lemon Tree Hotel, Shimona Chennai",4-Star,Manapakkam,No,6784.14,Lemon Tree Hotel Shimona Chennai,39664635:IN,3,Yes,No,No,STAR_MISMATCH,no band+star room (api★=3 want★=4; rates 6784.14–12653.98)
135,Chennai,"₹3,000 – ₹7,500","Lemon Tree Hotel, Shimona Chennai",4-Star,Manapakkam,No,6784.14,Lemon Tree Hotel Shimona Chennai,39664635:IN,Yes,OK,details room in band (Rooms)
136,Chennai,"₹3,000 – ₹7,500",The Savera,4-Star,Mylapore,,,The Savera,43961302:IN,,,,,NO_AVAIL,no priced rooms
136,Chennai,"₹3,000 – ₹7,500",The Savera,4-Star,Mylapore,,,The Savera,43961302:IN,,NO_AVAIL,no priced rooms
137,Chennai,"₹3,000 – ₹7,500",Raj Park Chennai,4-Star,Teynampet / Alwarpet,No,3704.51,Raj Park Chennai,38772558:IN,Yes,OK,details room in band (Rooms)
137,Chennai,"₹3,000 – ₹7,500",Raj Park Chennai,4-Star,Teynampet / Alwarpet,No,3704.51,Raj Park Chennai,38772558:IN,3,Yes,No,No,STAR_MISMATCH,no band+star room (api★=3 want★=4; rates 3704.51–7674.95)
138,Chennai,"₹3,000 – ₹7,500",Saravana's Golden Fruits Business Suites,4-Star,T. Nagar,,,,,,NOT_FOUND,NO_MATCH
138,Chennai,"₹3,000 – ₹7,500",Saravana's Golden Fruits Business Suites,4-Star,T. Nagar,,,,,,,,,NOT_FOUND,NO_MATCH
139,Chennai,"₹3,000 – ₹7,500",Regenta Central RS Chennai OMR SIPCOT,4-Star,Egattur / OMR,,,,,,NOT_FOUND,NO_MATCH
139,Chennai,"₹3,000 – ₹7,500",Regenta Central RS Chennai OMR SIPCOT,4-Star,Egattur / OMR,,,,,,,,,NOT_FOUND,NO_MATCH
140,Chennai,"₹3,000 – ₹7,500",Pride Premier Chennai,4-Star,Kilpauk,,,,,,NOT_FOUND,NO_MATCH
140,Chennai,"₹3,000 – ₹7,500",Pride Premier Chennai,4-Star,Kilpauk,,,,,,,,,NOT_FOUND,NO_MATCH
141,Chennai,"Above ₹7,500",ITC Grand Chola,5-Star,Guindy / Mount Road,No,14300.73,"Itc Grand Chola, A Luxury Collection Hotel",39518957:IN,5,Yes,Yes,Yes,OK,details room match band+star (Rooms; ★5)
141,Chennai,"Above ₹7,500",ITC Grand Chola,5-Star,Guindy / Mount Road,No,14300.73,"Itc Grand Chola, A Luxury Collection Hotel",39518957:IN,Yes,OK,details room in band (Rooms)
142,Chennai,"Above ₹7,500",The Leela Palace Chennai,5-Star,MRC Nagar / Adyar,No,18714.78,The Leela Palace Chennai,39656538:IN,Yes,OK,details room in band (Rooms)
142,Chennai,"Above ₹7,500",The Leela Palace Chennai,5-Star,MRC Nagar / Adyar,No,18714.78,The Leela Palace Chennai,39656538:IN,5,Yes,Yes,Yes,OK,details room match band+star (Rooms; ★5)
143,Chennai,"Above ₹7,500",Taj Coromandel,5-Star,Nungambakkam,No,8294.11,Taj Coromandel - Chennai,39616184:IN,5,Yes,Yes,Yes,OK,details room match band+star (Rooms; ★5)
143,Chennai,"Above ₹7,500",Taj Coromandel,5-Star,Nungambakkam,No,8294.11,Taj Coromandel - Chennai,39616184:IN,Yes,OK,details room in band (Rooms)
144,Chennai,"Above ₹7,500",Taj Connemara,5-Star,Central Chennai,No,7507.51,Taj Connemara,32532107:IN,5,Yes,Yes,Yes,OK,details room match band+star (Rooms; ★5)
144,Chennai,"Above ₹7,500",Taj Connemara,5-Star,Central Chennai,No,7507.51,Taj Connemara,32532107:IN,Yes,OK,details room in band (Rooms)
145,Chennai,"Above ₹7,500",Hyatt Regency Chennai,5-Star,Teynampet,No,8120.97,Hyatt Regency Chennai,15339517:IN,5,Yes,Yes,Yes,OK,details room match band+star (Rooms; ★5)
145,Chennai,"Above ₹7,500",Hyatt Regency Chennai,5-Star,Teynampet,No,8120.97,Hyatt Regency Chennai,15339517:IN,Yes,OK,details room in band (Rooms)
146,Chennai,"Above ₹7,500",Trident Chennai,5-Star,Chennai Airport / Meenambakkam,No,7509.44,Trident Chennai,39623790:IN,Yes,OK,details room in band (Rooms)
146,Chennai,"Above ₹7,500",Trident Chennai,5-Star,Chennai Airport / Meenambakkam,No,7509.44,Trident Chennai,39623790:IN,5,Yes,Yes,Yes,OK,details room match band+star (Rooms; ★5)
147,Chennai,"Above ₹7,500",The Park Chennai,5-Star,Nungambakkam / T. Nagar,Yes,8807.51,The Park Chennai,15259403:IN,Yes,OK,details room in band (Rooms)
148,Chennai,"Above ₹7,500",Courtyard by Marriott Chennai,5-Star,Teynampet / Anna Salai,,,,,,NOT_FOUND,NO_MATCH
147,Chennai,"Above ₹7,500",The Park Chennai,5-Star,Nungambakkam / T. Nagar,Yes,8807.51,The Park Chennai,15259403:IN,5,Yes,Yes,Yes,OK,details room match band+star (Rooms; ★5)
148,Chennai,"Above ₹7,500",Courtyard by Marriott Chennai,5-Star,Teynampet / Anna Salai,,,,,,,,,NOT_FOUND,NO_MATCH
149,Chennai,"Above ₹7,500",The Accord Metropolitan,5-Star,T. Nagar,No,8459.2,"The Accord Metropolitan, Chennai",39632518:IN,Yes,OK,details room in band (Rooms)
150,Chennai,"Above ₹7,500","The Raintree, Anna Salai",5-Star,Teynampet,,,The Raintree,39104475:IN,,NO_AVAIL,no priced rooms
151,Pune,Below - 3000,Hotel Corporate Stay,3-Star,Baner,,,AVA Hotel and Corporate Stay Sector 45,61995820:IN,,NO_AVAIL,no priced rooms
149,Chennai,"Above ₹7,500",The Accord Metropolitan,5-Star,T. Nagar,No,8459.2,"The Accord Metropolitan, Chennai",39632518:IN,5,Yes,Yes,Yes,OK,details room match band+star (Rooms; ★5)
150,Chennai,"Above ₹7,500","The Raintree, Anna Salai",5-Star,Teynampet,,,The Raintree,39104475:IN,,,,,NO_AVAIL,no priced rooms
151,Pune,Below - 3000,Hotel Corporate Stay,3-Star,Baner,,,AVA Hotel and Corporate Stay Sector 45,61995820:IN,,,,,NO_AVAIL,no priced rooms
152,Pune,Below - 3000,Treebo Iris Executive,3-Star,Hinjewadi,Yes,1931.22,"Treebo Iris Executive, Hinjewadi",70736265:IN,Yes,OK,details room in band (Rooms)
153,Pune,Below - 3000,Z Express Isle of Life,3-Star,Hinjewadi,,,,,,NOT_FOUND,NO_MATCH
152,Pune,Below - 3000,Treebo Iris Executive,3-Star,Hinjewadi,Yes,1931.22,"Treebo Iris Executive, Hinjewadi",70736265:IN,3,Yes,Yes,Yes,OK,details room match band+star (Rooms; ★3)
153,Pune,Below - 3000,Z Express Isle of Life,3-Star,Hinjewadi,,,,,,,,,NOT_FOUND,NO_MATCH
154,Pune,Below - 3000,FabHotel Gargi Residency,3-Star,Swargate / Municipal Colony,Yes,1545.39,FabHotel Gargi Residency,72393800:IN,3,Yes,Yes,Yes,OK,details room match band+star (Rooms; ★3)
154,Pune,Below - 3000,FabHotel Gargi Residency,3-Star,Swargate / Municipal Colony,Yes,1545.39,FabHotel Gargi Residency,72393800:IN,Yes,OK,details room in band (Rooms)
155,Pune,Below - 3000,Treebo Lime Light,3-Star,Chokhi Dhani / Wagholi side,Yes,1270.4,Treebo Lime Light,72420459:IN,3,Yes,Yes,Yes,OK,details room match band+star (Rooms; ★3)
155,Pune,Below - 3000,Treebo Lime Light,3-Star,Chokhi Dhani / Wagholi side,Yes,1270.4,Treebo Lime Light,72420459:IN,Yes,OK,details room in band (Rooms)
156,Pune,Below - 3000,Treebo Park View,3-Star,Hadapsar,Yes,1725.49,Treebo Park View,15595249:IN,Yes,OK,details room in band (Rooms)
157,Pune,Below - 3000,Hotel Sahara,3-Star,Shivajinagar / Senapati Bapat Road,,,Hotel Sahara,41432028:IN,,NO_AVAIL,no priced rooms
156,Pune,Below - 3000,Treebo Park View,3-Star,Hadapsar,Yes,1725.49,Treebo Park View,15595249:IN,2,Yes,No,No,STAR_MISMATCH,no band+star room (api★=2 want★=3; rates 1725.49–5080.49)
157,Pune,Below - 3000,Hotel Sahara,3-Star,Shivajinagar / Senapati Bapat Road,,,Hotel Sahara,41432028:IN,,,,,NO_AVAIL,no priced rooms
158,Pune,Below - 3000,Boutique Stay by One Tree,3-Star,Kharadi,No,2446.96,Boutique Stay by One Tree at Kharadi,72382745:IN,Yes,OK,details room in band (Rooms)
158,Pune,Below - 3000,Boutique Stay by One Tree,3-Star,Kharadi,No,2446.96,Boutique Stay by One Tree at Kharadi,72382745:IN,3,Yes,Yes,Yes,OK,details room match band+star (Rooms; ★3)
159,Pune,Below - 3000,The Grand Imperial,3-Star,Narhe,,,The Grand Imperial,70487000:IN,,NO_AVAIL,no priced rooms
159,Pune,Below - 3000,The Grand Imperial,3-Star,Narhe,,,The Grand Imperial,70487000:IN,,,,,NO_AVAIL,no priced rooms
160,Pune,Below - 3000,FabHotel Saffron Inn I,3-Star,Koregaon Park,Yes,1527.79,Fabhotel Saffron Inn I,65096915:IN,3,Yes,Yes,Yes,OK,details room match band+star (Rooms; ★3)
160,Pune,Below - 3000,FabHotel Saffron Inn I,3-Star,Koregaon Park,Yes,1527.79,Fabhotel Saffron Inn I,65096915:IN,Yes,OK,details room in band (Rooms)
161,Pune,"₹3,000 – ₹7,500","Lemon Tree Hotel, Hinjawadi, Pune",4-Star,Hinjewadi Phase 1,,,Lemon Tree Hotel Hubli,44646834:IN,,,,,NO_AVAIL,no priced rooms
161,Pune,"₹3,000 – ₹7,500","Lemon Tree Hotel, Hinjawadi, Pune",4-Star,Hinjewadi Phase 1,,,Lemon Tree Hotel Hubli,44646834:IN,,NO_AVAIL,no priced rooms
162,Pune,"₹3,000 – ₹7,500",ibis Pune Viman Nagar,3-Star,Viman Nagar,No,7466.39,ibis Pune Viman Nagar,39661410:IN,Yes,OK,details room in band (Rooms)
162,Pune,"₹3,000 – ₹7,500",ibis Pune Viman Nagar,3-Star,Viman Nagar,No,7466.39,ibis Pune Viman Nagar,39661410:IN,3,Yes,Yes,Yes,OK,details room match band+star (Rooms; ★3)
163,Pune,"₹3,000 – ₹7,500","Holiday Inn Express Pune Hinjewadi, an IHG Hotel",3-Star,Hinjewadi,,,Holiday Inn Express Pune Hinjewadi,41309140:IN,,NO_AVAIL,no priced rooms
163,Pune,"₹3,000 – ₹7,500","Holiday Inn Express Pune Hinjewadi, an IHG Hotel",3-Star,Hinjewadi,,,Holiday Inn Express Pune Hinjewadi,41309140:IN,,,,,NO_AVAIL,no priced rooms
164,Pune,"₹3,000 – ₹7,500",Royal Orchid Central Pune,4-Star,Kalyani Nagar,No,4623.3,Royal Orchid Central Pune,38856471:IN,Yes,OK,details room in band (Rooms)
164,Pune,"₹3,000 – ₹7,500",Royal Orchid Central Pune,4-Star,Kalyani Nagar,No,4623.3,Royal Orchid Central Pune,38856471:IN,4,Yes,Yes,Yes,OK,details room match band+star (Rooms; ★4)
165,Pune,"₹3,000 – ₹7,500",Hotel Parc Estique,4-Star,Viman Nagar,Yes,4479.87,Hotel Parc Estique,38743568:IN,4,Yes,Yes,Yes,OK,details room match band+star (Rooms; ★4)
165,Pune,"₹3,000 – ₹7,500",Hotel Parc Estique,4-Star,Viman Nagar,Yes,4479.87,Hotel Parc Estique,38743568:IN,Yes,OK,details room in band (Rooms)
166,Pune,"₹3,000 – ₹7,500",The Orchid Hotel Pune,5-Star,Balewadi,No,9316.04,"The Orchid Hotel, Pune",39605544:IN,5,No,Yes,No,OUT_OF_BAND,no band+star room (api★=5 want★=5; rates 9316.04–28538.82)
166,Pune,"₹3,000 – ₹7,500",The Orchid Hotel Pune,5-Star,Balewadi,No,9316.04,"The Orchid Hotel, Pune",39605544:IN,No,OUT_OF_BAND,details cheapest outside band (min=9316.04 max=28538.82)
167,Pune,"₹3,000 – ₹7,500",Lemon Tree Premier Pune,4-Star,City Centre / Shivajinagar,Yes,9182.91,Lemon Tree Premier City Center Pune,16375660:IN,No,OUT_OF_BAND,details cheapest outside band (min=9182.91 max=35617.14)
167,Pune,"₹3,000 – ₹7,500",Lemon Tree Premier Pune,4-Star,City Centre / Shivajinagar,Yes,9182.91,Lemon Tree Premier City Center Pune,16375660:IN,4,No,Yes,No,OUT_OF_BAND,no band+star room (api★=4 want★=4; rates 9182.91–35617.14)
168,Pune,"₹3,000 – ₹7,500",Hilton Garden Inn Pune Hinjawadi,4-Star,Hinjewadi,No,6673.12,Hilton Garden Inn Pune Hinjawadi,40040526:IN,Yes,OK,details room in band (Rooms)
168,Pune,"₹3,000 – ₹7,500",Hilton Garden Inn Pune Hinjawadi,4-Star,Hinjewadi,No,6673.12,Hilton Garden Inn Pune Hinjawadi,40040526:IN,3,Yes,No,No,STAR_MISMATCH,no band+star room (api★=3 want★=4; rates 6673.12–14475.03)
169,Pune,"₹3,000 – ₹7,500",Radisson Blu Pune Hinjawadi,5-Star,Hinjewadi Phase 1,No,6304.28,Radisson Blu Pune Hinjawadi,15630534:IN,5,Yes,Yes,Yes,OK,details room match band+star (Rooms; ★5)
169,Pune,"₹3,000 – ₹7,500",Radisson Blu Pune Hinjawadi,5-Star,Hinjewadi Phase 1,No,6304.28,Radisson Blu Pune Hinjawadi,15630534:IN,Yes,OK,details room in band (Rooms)
170,Pune,"₹3,000 – ₹7,500",The Fern Habitat Pune,4-Star,Mundhwa / Kharadi,No,3280.6,"The Fern Habitat Pune, Mundhwa, Series by Marriott",72361918:IN,Yes,OK,details room in band (Rooms)
170,Pune,"₹3,000 – ₹7,500",The Fern Habitat Pune,4-Star,Mundhwa / Kharadi,No,3280.6,"The Fern Habitat Pune, Mundhwa, Series by Marriott",72361918:IN,2,Yes,No,No,STAR_MISMATCH,no band+star room (api★=2 want★=4; rates 3280.6–5121.72)
171,Pune,"Above ₹7,500",JW Marriott Hotel Pune,5-Star,Shivajinagar / Senapati Bapat Road,,,JW Marriott Hotel Pune,54526425:IN,,,,,NO_AVAIL,no priced rooms
171,Pune,"Above ₹7,500",JW Marriott Hotel Pune,5-Star,Shivajinagar / Senapati Bapat Road,,,JW Marriott Hotel Pune,54526425:IN,,NO_AVAIL,no priced rooms
172,Pune,"Above ₹7,500","The Ritz-Carlton, Pune",5-Star,Yerawada / Airport Road,No,25466.83,"The Ritz-Carlton, Wuhan",72362520:CN,1,Yes,No,No,STAR_MISMATCH,no band+star room (api★=1 want★=5; rates 25466.83–75797.5)
172,Pune,"Above ₹7,500","The Ritz-Carlton, Pune",5-Star,Yerawada / Airport Road,No,25466.83,"The Ritz-Carlton, Wuhan",72362520:CN,Yes,OK,details room in band (Rooms)
173,Pune,"Above ₹7,500",The Westin Pune Koregaon Park,5-Star,Koregaon Park,No,21309.91,The Westin Pune Koregaon Park,39621622:IN,Yes,OK,details room in band (Rooms)
174,Pune,"Above ₹7,500",Conrad Pune by Hilton,5-Star,Sangamvadi / Bund Garden,,,,,,NOT_FOUND,NO_MATCH
175,Pune,"Above ₹7,500",Courtyard by Marriott Pune Hinjewadi,5-Star,Hinjewadi Phase 1,,,,,,NOT_FOUND,NO_MATCH
173,Pune,"Above ₹7,500",The Westin Pune Koregaon Park,5-Star,Koregaon Park,No,21309.91,The Westin Pune Koregaon Park,39621622:IN,5,Yes,Yes,Yes,OK,details room match band+star (Rooms; ★5)
174,Pune,"Above ₹7,500",Conrad Pune by Hilton,5-Star,Sangamvadi / Bund Garden,,,,,,,,,NOT_FOUND,NO_MATCH
175,Pune,"Above ₹7,500",Courtyard by Marriott Pune Hinjewadi,5-Star,Hinjewadi Phase 1,,,,,,,,,NOT_FOUND,NO_MATCH
176,Pune,"Above ₹7,500",Marriott Suites Pune,5-Star,Mundhwa,No,17868.54,Marriott Suites Pune,15584933:IN,Yes,OK,details room in band (Rooms)
176,Pune,"Above ₹7,500",Marriott Suites Pune,5-Star,Mundhwa,No,17868.54,Marriott Suites Pune,15584933:IN,4,Yes,No,No,STAR_MISMATCH,no band+star room (api★=4 want★=5; rates 17868.54–42682.93)
177,Pune,"Above ₹7,500",Sheraton Grand Pune Bund Garden Hotel,5-Star,Bund Garden,No,19106.77,Sheraton Grand Pune Bund Garden Hotel,39644515:IN,Yes,OK,details room in band (Rooms)
177,Pune,"Above ₹7,500",Sheraton Grand Pune Bund Garden Hotel,5-Star,Bund Garden,No,19106.77,Sheraton Grand Pune Bund Garden Hotel,39644515:IN,5,Yes,Yes,Yes,OK,details room match band+star (Rooms; ★5)
178,Pune,"Above ₹7,500",Hyatt Regency Pune & Residences,5-Star,Viman Nagar,,,,,,NOT_FOUND,NO_MATCH
178,Pune,"Above ₹7,500",Hyatt Regency Pune & Residences,5-Star,Viman Nagar,,,,,,,,,NOT_FOUND,NO_MATCH
179,Pune,"Above ₹7,500",Hyatt Place Pune Hinjawadi,5-Star,Hinjewadi Phase 1,,,,,,NOT_FOUND,NO_MATCH
179,Pune,"Above ₹7,500",Hyatt Place Pune Hinjawadi,5-Star,Hinjewadi Phase 1,,,,,,,,,NOT_FOUND,NO_MATCH
180,Pune,"Above ₹7,500",Four Points by Sheraton Hotel & Serviced Apartments,5-Star,Viman Nagar,No,8832.93,"Four Points by Sheraton Beijing, Haidian Hotel & Serviced Apartments",39608641:CN,Yes,OK,details room in band (Rooms)
180,Pune,"Above ₹7,500",Four Points by Sheraton Hotel & Serviced Apartments,5-Star,Viman Nagar,No,8832.93,"Four Points by Sheraton Beijing, Haidian Hotel & Serviced Apartments",39608641:CN,4,Yes,No,No,STAR_MISMATCH,no band+star room (api★=4 want★=5; rates 8832.93–26776.33)
181,Ahmedabad,Below - 3000,Hotel Elysian Residency,3-Star,Shahibaug,Yes,3735.84,Hotel Elysian Residency,39866662:IN,No,OUT_OF_BAND,details cheapest outside band (min=3735.84 max=13512.86)
181,Ahmedabad,Below - 3000,Hotel Elysian Residency,3-Star,Shahibaug,Yes,3735.84,Hotel Elysian Residency,39866662:IN,1,No,No,No,FILTER_MISMATCH,no band+star room (api★=1 want★=3; rates 3735.84–13512.86)
182,Ahmedabad,Below - 3000,Hotel Eldorado,3-Star,Navrangpura,,,Hotel Eldorado,32527378:AT,,NO_AVAIL,no priced rooms
182,Ahmedabad,Below - 3000,Hotel Eldorado,3-Star,Navrangpura,,,Hotel Eldorado,32527378:AT,,,,,NO_AVAIL,no priced rooms
183,Ahmedabad,Below - 3000,Hotel Krios,3-Star,Navrangpura,Yes,8484.73,Krios Hotel,15398873:IN,No,OUT_OF_BAND,details cheapest outside band (min=8484.73 max=31130.71)
183,Ahmedabad,Below - 3000,Hotel Krios,3-Star,Navrangpura,Yes,8484.73,Krios Hotel,15398873:IN,3,No,Yes,No,OUT_OF_BAND,no band+star room (api★=3 want★=3; rates 8484.73–31130.71)
184,Ahmedabad,Below - 3000,Treebo Ambassador,3-Star,Navrangpura,,,,,,NOT_FOUND,NO_MATCH
184,Ahmedabad,Below - 3000,Treebo Ambassador,3-Star,Navrangpura,,,,,,,,,NOT_FOUND,NO_MATCH
185,Ahmedabad,Below - 3000,Hotel Grand Ambience,3-Star,Lal Darwaja,,,Hotel Grand Ambience,15599153:IN,,NO_AVAIL,no priced rooms
185,Ahmedabad,Below - 3000,Hotel Grand Ambience,3-Star,Lal Darwaja,,,Hotel Grand Ambience,15599153:IN,,,,,NO_AVAIL,no priced rooms
186,Ahmedabad,Below - 3000,Hotel Volga,3-Star,Lal Darwaja / Relief Road,,,Hotel Volga,15406380:IN,,NO_AVAIL,no priced rooms
186,Ahmedabad,Below - 3000,Hotel Volga,3-Star,Lal Darwaja / Relief Road,,,Hotel Volga,15406380:IN,,,,,NO_AVAIL,no priced rooms
187,Ahmedabad,Below - 3000,The Cloud Hotel,3-Star,Sarkhej,No,3425.88,The Cloud Hotel,15598820:IN,No,OUT_OF_BAND,details cheapest outside band (min=3425.88 max=10331.2)
187,Ahmedabad,Below - 3000,The Cloud Hotel,3-Star,Sarkhej,No,3425.88,The Cloud Hotel,15598820:IN,3,No,Yes,No,OUT_OF_BAND,no band+star room (api★=3 want★=3; rates 3425.88–10331.2)
188,Ahmedabad,Below - 3000,Platinum Inn,3-Star,Paldi,No,1019.55,Platinum INN,72474696:IN,Yes,OK,details room in band (Rooms)
188,Ahmedabad,Below - 3000,Platinum Inn,3-Star,Paldi,No,1019.55,Platinum INN,72474696:IN,2,Yes,No,No,STAR_MISMATCH,no band+star room (api★=2 want★=3; rates 1019.55–1577.03)
189,Ahmedabad,Below - 3000,Hotel Prime,3-Star,Navrangpura,Yes,1149.02,Hotel Prime,39699308:IN,Yes,OK,details room in band (Rooms)
189,Ahmedabad,Below - 3000,Hotel Prime,3-Star,Navrangpura,Yes,1149.02,Hotel Prime,39699308:IN,3,Yes,Yes,Yes,OK,details room match band+star (Rooms; ★3)
190,Ahmedabad,Below - 3000,Hotel Alishan,3-Star,Shahibaug,,,Hotel Alishan,39950165:IN,,NO_AVAIL,no priced rooms
190,Ahmedabad,Below - 3000,Hotel Alishan,3-Star,Shahibaug,,,Hotel Alishan,39950165:IN,,,,,NO_AVAIL,no priced rooms
191,Ahmedabad,"₹3,000 – ₹7,500",Four Points by Sheraton Ahmedabad,4-Star,Ellisbridge,No,6433.24,Four Points By Sheraton Ahmedabad,39529315:IN,4,Yes,Yes,Yes,OK,details room match band+star (Rooms; ★4)
191,Ahmedabad,"₹3,000 – ₹7,500",Four Points by Sheraton Ahmedabad,4-Star,Ellisbridge,No,6433.24,Four Points By Sheraton Ahmedabad,39529315:IN,Yes,OK,details room in band (Rooms)
192,Ahmedabad,"₹3,000 – ₹7,500",Fortune Park Ahmedabad,4-Star,Ellisbridge,,,Fortune Park Ahmedabad,39424307:IN,,,,,NO_AVAIL,no priced rooms
192,Ahmedabad,"₹3,000 – ₹7,500",Fortune Park Ahmedabad,4-Star,Ellisbridge,,,Fortune Park Ahmedabad,39424307:IN,,NO_AVAIL,no priced rooms
193,Ahmedabad,"₹3,000 – ₹7,500","Lemon Tree Premier, The Atrium Ahmedabad",4-Star,Sabarmati Riverfront,No,6024.45,Lemon Tree Premier - The Atrium,39764594:IN,Yes,OK,details room in band (Rooms)
193,Ahmedabad,"₹3,000 – ₹7,500","Lemon Tree Premier, The Atrium Ahmedabad",4-Star,Sabarmati Riverfront,No,6024.45,Lemon Tree Premier - The Atrium,39764594:IN,3,Yes,No,No,STAR_MISMATCH,no band+star room (api★=3 want★=4; rates 6024.45–20349.87)
194,Ahmedabad,"₹3,000 – ₹7,500",The Fern Residency Ahmedabad,4-Star,Ellisbridge,No,4580.26,The Fern Residency Ellisbridge Ahmedabad,70520411:IN,3,Yes,No,No,STAR_MISMATCH,no band+star room (api★=3 want★=4; rates 4580.26–7218.6)
194,Ahmedabad,"₹3,000 – ₹7,500",The Fern Residency Ahmedabad,4-Star,Ellisbridge,No,4580.26,The Fern Residency Ellisbridge Ahmedabad,70520411:IN,Yes,OK,details room in band (Rooms)
195,Ahmedabad,"₹3,000 – ₹7,500",Ramada by Wyndham Ahmedabad,4-Star,Prahlad Nagar / SG Highway,No,5127.43,Ramada by Wyndham Ahmedabad,16029150:IN,Yes,OK,details room in band (Rooms)
195,Ahmedabad,"₹3,000 – ₹7,500",Ramada by Wyndham Ahmedabad,4-Star,Prahlad Nagar / SG Highway,No,5127.43,Ramada by Wyndham Ahmedabad,16029150:IN,4,Yes,Yes,Yes,OK,details room match band+star (Rooms; ★4)
196,Ahmedabad,"₹3,000 – ₹7,500",Novotel Ahmedabad,5-Star,SG Highway / Iscon Cross Road,No,8457.45,Novotel Ahmedabad,39615833:IN,No,OUT_OF_BAND,details cheapest outside band (min=8457.45 max=39465.8)
196,Ahmedabad,"₹3,000 – ₹7,500",Novotel Ahmedabad,5-Star,SG Highway / Iscon Cross Road,No,8457.45,Novotel Ahmedabad,39615833:IN,5,No,Yes,No,OUT_OF_BAND,no band+star room (api★=5 want★=5; rates 8457.45–39465.8)
197,Ahmedabad,"₹3,000 – ₹7,500",Radisson Blu Hotel Ahmedabad,5-Star,Ambawadi,No,7114.53,Radisson Blu Hotel Ahmedabad,39617317:IN,5,Yes,Yes,Yes,OK,details room match band+star (Rooms; ★5)
197,Ahmedabad,"₹3,000 – ₹7,500",Radisson Blu Hotel Ahmedabad,5-Star,Ambawadi,No,7114.53,Radisson Blu Hotel Ahmedabad,39617317:IN,Yes,OK,details room in band (Rooms)
198,Ahmedabad,"₹3,000 – ₹7,500",Crowne Plaza Ahmedabad City Centre,5-Star,Prahlad Nagar,No,9303.9,Crowne Plaza Ahmedabad City Centre,15599948:IN,No,OUT_OF_BAND,details cheapest outside band (min=9303.9 max=29056.61)
198,Ahmedabad,"₹3,000 – ₹7,500",Crowne Plaza Ahmedabad City Centre,5-Star,Prahlad Nagar,No,9303.9,Crowne Plaza Ahmedabad City Centre,15599948:IN,5,No,Yes,No,OUT_OF_BAND,no band+star room (api★=5 want★=5; rates 9303.9–29056.61)
199,Ahmedabad,"₹3,000 – ₹7,500",The Ummed Ahmedabad,5-Star,Airport / Hansol,No,8149.25,The Ummed Ahmedabad Airport,38397295:IN,No,OUT_OF_BAND,details cheapest outside band (min=8149.25 max=11939.54)
199,Ahmedabad,"₹3,000 – ₹7,500",The Ummed Ahmedabad,5-Star,Airport / Hansol,No,8149.25,The Ummed Ahmedabad Airport,38397295:IN,5,No,Yes,No,OUT_OF_BAND,no band+star room (api★=5 want★=5; rates 8149.25–11939.54)
200,Ahmedabad,"₹3,000 – ₹7,500",Wyndham Ahmedabad Shela,5-Star,Shela / SP Ring Road,,,Wyndham Ahmedabad Shela,38915194:IN,,NO_AVAIL,no priced rooms
200,Ahmedabad,"₹3,000 – ₹7,500",Wyndham Ahmedabad Shela,5-Star,Shela / SP Ring Road,,,Wyndham Ahmedabad Shela,38915194:IN,,,,,NO_AVAIL,no priced rooms
201,Ahmedabad,"Above ₹7,500","ITC Narmada, a Luxury Collection Hotel",5-Star,Vastrapur / SG Highway,No,9522.23,Itc Narmada A Luxury Collection Hotel Ahmedabad,41544109:IN,1,Yes,No,No,STAR_MISMATCH,no band+star room (api★=1 want★=5; rates 9522.23–45153.36)
201,Ahmedabad,"Above ₹7,500","ITC Narmada, a Luxury Collection Hotel",5-Star,Vastrapur / SG Highway,No,9522.23,Itc Narmada A Luxury Collection Hotel Ahmedabad,41544109:IN,Yes,OK,details room in band (Rooms)
202,Ahmedabad,"Above ₹7,500",Hyatt Ahmedabad,5-Star,Vastrapur,No,9455.79,Hyatt Ahmedabad,15268528:IN,Yes,OK,details room in band (Rooms)
202,Ahmedabad,"Above ₹7,500",Hyatt Ahmedabad,5-Star,Vastrapur,No,9455.79,Hyatt Ahmedabad,15268528:IN,5,Yes,Yes,Yes,OK,details room match band+star (Rooms; ★5)
203,Ahmedabad,"Above ₹7,500",Hyatt Regency Ahmedabad,5-Star,Ashram Road,No,9094.78,Hyatt Regency Ahmedabad,15618688:IN,5,Yes,Yes,Yes,OK,details room match band+star (Rooms; ★5)
203,Ahmedabad,"Above ₹7,500",Hyatt Regency Ahmedabad,5-Star,Ashram Road,No,9094.78,Hyatt Regency Ahmedabad,15618688:IN,Yes,OK,details room in band (Rooms)
204,Ahmedabad,"Above ₹7,500",Taj Skyline Ahmedabad,5-Star,Thaltej / SG Highway,No,8091.25,"Taj Skyline, Ahmedabad",38785334:IN,Yes,OK,details room in band (Rooms)
205,Ahmedabad,"Above ₹7,500",Le Méridien Ahmedabad,5-Star,Satellite,,,,,,NOT_FOUND,NO_MATCH
206,Ahmedabad,"Above ₹7,500",Gateway Ahmedabad Sindhu Bhavan,5-Star,Bodakdev / Sindhu Bhavan Road,,,,,,NOT_FOUND,NO_MATCH
207,Ahmedabad,"Above ₹7,500",The Hillock Ahmedabad,5-Star,Vaishnodevi Circle / SG Highway,,,,,,NOT_FOUND,NO_MATCH
204,Ahmedabad,"Above ₹7,500",Taj Skyline Ahmedabad,5-Star,Thaltej / SG Highway,No,8091.25,"Taj Skyline, Ahmedabad",38785334:IN,5,Yes,Yes,Yes,OK,details room match band+star (Rooms; ★5)
205,Ahmedabad,"Above ₹7,500",Le Méridien Ahmedabad,5-Star,Satellite,,,,,,,,,NOT_FOUND,NO_MATCH
206,Ahmedabad,"Above ₹7,500",Gateway Ahmedabad Sindhu Bhavan,5-Star,Bodakdev / Sindhu Bhavan Road,,,,,,,,,NOT_FOUND,NO_MATCH
207,Ahmedabad,"Above ₹7,500",The Hillock Ahmedabad,5-Star,Vaishnodevi Circle / SG Highway,,,,,,,,,NOT_FOUND,NO_MATCH
208,Ahmedabad,"Above ₹7,500",Courtyard by Marriott Ahmedabad,5-Star,Satellite,No,7607.68,Courtyard By Marriott Ahmedabad Sindhu Bhavan Road,38843863:IN,3,Yes,No,No,STAR_MISMATCH,no band+star room (api★=3 want★=5; rates 7266.94–37815.74)
209,Ahmedabad,"Above ₹7,500",Renaissance Ahmedabad Hotel,5-Star,SG Highway / Satellite,,,Renaissance Ahmedabad Hotel,38855951:IN,,,,,NO_AVAIL,no priced rooms
210,Ahmedabad,"Above ₹7,500",Crowne Plaza Ahmedabad City Centre,5-Star,Prahlad Nagar,No,9303.9,Crowne Plaza Ahmedabad City Centre,15599948:IN,5,Yes,Yes,Yes,OK,details room match band+star (Rooms; ★5)
208,Ahmedabad,"Above ₹7,500",Courtyard by Marriott Ahmedabad,5-Star,Satellite,No,7607.68,Courtyard By Marriott Ahmedabad Sindhu Bhavan Road,38843863:IN,Yes,OK,details room in band (Rooms)
209,Ahmedabad,"Above ₹7,500",Renaissance Ahmedabad Hotel,5-Star,SG Highway / Satellite,,,Renaissance Ahmedabad Hotel,38855951:IN,,NO_AVAIL,no priced rooms
210,Ahmedabad,"Above ₹7,500",Crowne Plaza Ahmedabad City Centre,5-Star,Prahlad Nagar,No,9303.9,Crowne Plaza Ahmedabad City Centre,15599948:IN,Yes,OK,details room in band (Rooms)
211,Kolkata,Below - 3000,Hotel Kanan Inn,3-Star,Dum Dum / Airport,Yes,1545.79,Hotel Kanan Inn,70484365:IN,1,Yes,No,No,STAR_MISMATCH,no band+star room (api★=1 want★=3; rates 1545.79–3857.98)
211,Kolkata,Below - 3000,Hotel Kanan Inn,3-Star,Dum Dum / Airport,Yes,1545.79,Hotel Kanan Inn,70484365:IN,Yes,OK,details room in band (Rooms)
212,Kolkata,Below - 3000,The Corporate,3-Star,Park Street / New Market,,,Fabhotel The Corporate Inn I,72394006:IN,,,,,NO_AVAIL,no priced rooms
212,Kolkata,Below - 3000,The Corporate,3-Star,Park Street / New Market,,,Fabhotel The Corporate Inn I,72394006:IN,,NO_AVAIL,no priced rooms
213,Kolkata,Below - 3000,FabHotel Prime Kzar Corporate,3-Star,Sealdah,Yes,2005.32,FabHotel Prime Kzar Corporate Near Sealdah Family & Business Friendly,40020601:IN,3,Yes,Yes,Yes,OK,details room match band+star (Rooms; ★3)
213,Kolkata,Below - 3000,FabHotel Prime Kzar Corporate,3-Star,Sealdah,Yes,2005.32,FabHotel Prime Kzar Corporate Near Sealdah Family & Business Friendly,40020601:IN,Yes,OK,details room in band (Rooms)
214,Kolkata,Below - 3000,FabHotel Nest,3-Star,Park Street,No,1229.08,FabHotel Nest,39771671:IN,Yes,OK,details room in band (Rooms)
214,Kolkata,Below - 3000,FabHotel Nest,3-Star,Park Street,No,1229.08,FabHotel Nest,39771671:IN,3,Yes,Yes,Yes,OK,details room match band+star (Rooms; ★3)
215,Kolkata,Below - 3000,FabHotel Prime The Pavilion,3-Star,Airport / Dum Dum,Yes,1709.77,Fabhotel Prime The Pavilion,70447788:IN,Yes,OK,details room in band (Rooms)
215,Kolkata,Below - 3000,FabHotel Prime The Pavilion,3-Star,Airport / Dum Dum,Yes,1709.77,Fabhotel Prime The Pavilion,70447788:IN,3,Yes,Yes,Yes,OK,details room match band+star (Rooms; ★3)
216,Kolkata,Below - 3000,FabHotel Step Inn,3-Star,New Town,Yes,1477.8,FabHotel Step Inn Stays,72393951:IN,3,Yes,Yes,Yes,OK,details room match band+star (Rooms; ★3)
216,Kolkata,Below - 3000,FabHotel Step Inn,3-Star,New Town,Yes,1477.8,FabHotel Step Inn Stays,72393951:IN,Yes,OK,details room in band (Rooms)
217,Kolkata,Below - 3000,The Panash Hotel & Banquets,3-Star,New Market / Esplanade,No,4495.09,The Panash Hotel & Banquets,41473633:IN,1,No,No,No,FILTER_MISMATCH,no band+star room (api★=1 want★=3; rates 4495.09–4884.15)
217,Kolkata,Below - 3000,The Panash Hotel & Banquets,3-Star,New Market / Esplanade,No,4495.09,The Panash Hotel & Banquets,41473633:IN,No,OUT_OF_BAND,details cheapest outside band (min=4495.09 max=4884.15)
218,Kolkata,Below - 3000,Hotel Panasia Continental,3-Star,Bhowanipore,,,,,,,,,NOT_FOUND,NO_MATCH
218,Kolkata,Below - 3000,Hotel Panasia Continental,3-Star,Bhowanipore,,,,,,NOT_FOUND,NO_MATCH
219,Kolkata,Below - 3000,Anandaloke Residency,3-Star,Belgachia / Kolkata Railway Station,No,1406.81,Anandaloke Residency,41616246:IN,3,Yes,Yes,Yes,OK,details room match band+star (Rooms; ★3)
219,Kolkata,Below - 3000,Anandaloke Residency,3-Star,Belgachia / Kolkata Railway Station,No,1406.81,Anandaloke Residency,41616246:IN,Yes,OK,details room in band (Rooms)
220,Kolkata,Below - 3000,Hotel Radiant,3-Star,Park Circus,,,Hotel Radiant,70512155:IN,,,,,NO_AVAIL,no priced rooms
220,Kolkata,Below - 3000,Hotel Radiant,3-Star,Park Circus,,,Hotel Radiant,70512155:IN,,NO_AVAIL,no priced rooms
221,Kolkata,"₹3,000 – ₹7,500",Holiday Inn Express Kolkata Airport,3-Star,Dum Dum / Airport,No,4384.26,Holiday Inn Express Kolkata Airport,16007118:IN,Yes,OK,details room in band (Rooms)
221,Kolkata,"₹3,000 – ₹7,500",Holiday Inn Express Kolkata Airport,3-Star,Dum Dum / Airport,No,4384.26,Holiday Inn Express Kolkata Airport,16007118:IN,4,Yes,No,No,STAR_MISMATCH,no band+star room (api★=4 want★=3; rates 4384.26–10621.07)
222,Kolkata,"₹3,000 – ₹7,500",NORTHIN Corporate Hotel Kolkata Airport,3-Star,Dum Dum / Airport,,,,,,NOT_FOUND,NO_MATCH
222,Kolkata,"₹3,000 – ₹7,500",NORTHIN Corporate Hotel Kolkata Airport,3-Star,Dum Dum / Airport,,,,,,,,,NOT_FOUND,NO_MATCH
223,Kolkata,"₹3,000 – ₹7,500",Fairfield by Marriott Kolkata,4-Star,New Town / Rajarhat,No,6626.56,Fairfield By Marriott Kolkata,16051270:IN,4,Yes,Yes,Yes,OK,details room match band+star (Rooms; ★4)
223,Kolkata,"₹3,000 – ₹7,500",Fairfield by Marriott Kolkata,4-Star,New Town / Rajarhat,No,6626.56,Fairfield By Marriott Kolkata,16051270:IN,Yes,OK,details room in band (Rooms)
224,Kolkata,"₹3,000 – ₹7,500",The Westin Kolkata Rajarhat,5-Star,Rajarhat / New Town,No,6756.68,The Westin Kolkata Rajarhat,39520065:IN,5,Yes,Yes,Yes,OK,details room match band+star (Rooms; ★5)
224,Kolkata,"₹3,000 – ₹7,500",The Westin Kolkata Rajarhat,5-Star,Rajarhat / New Town,No,6756.68,The Westin Kolkata Rajarhat,39520065:IN,Yes,OK,details room in band (Rooms)
225,Kolkata,"₹3,000 – ₹7,500",Monotel,4-Star,"Sector V, Salt Lake",No,4159.1,Monotel,39712556:IN,Yes,OK,details room in band (Rooms)
226,Kolkata,"₹3,000 – ₹7,500",AltAir Boutique Hotel,4-Star,"Sector V, Salt Lake",,,Altair a Boutique Hotel,39706352:IN,,NO_AVAIL,no priced rooms
227,Kolkata,"₹3,000 – ₹7,500",Hyatt Centric Ballygunge Kolkata,5-Star,Ballygunge,,,,,,NOT_FOUND,NO_MATCH
225,Kolkata,"₹3,000 – ₹7,500",Monotel,4-Star,"Sector V, Salt Lake",No,4159.1,Monotel,39712556:IN,4,Yes,Yes,Yes,OK,details room match band+star (Rooms; ★4)
226,Kolkata,"₹3,000 – ₹7,500",AltAir Boutique Hotel,4-Star,"Sector V, Salt Lake",,,Altair a Boutique Hotel,39706352:IN,,,,,NO_AVAIL,no priced rooms
227,Kolkata,"₹3,000 – ₹7,500",Hyatt Centric Ballygunge Kolkata,5-Star,Ballygunge,,,,,,,,,NOT_FOUND,NO_MATCH
228,Kolkata,"₹3,000 – ₹7,500","Raajkutir, Kolkata – IHCL SeleQtions",4-Star,Kankurgachi,No,12491.54,Raajkutir – Ihcl Seleqtions,16017331:IN,4,No,Yes,No,OUT_OF_BAND,no band+star room (api★=4 want★=4; rates 12491.54–33832.94)
228,Kolkata,"₹3,000 – ₹7,500","Raajkutir, Kolkata – IHCL SeleQtions",4-Star,Kankurgachi,No,12491.54,Raajkutir – Ihcl Seleqtions,16017331:IN,No,OUT_OF_BAND,details cheapest outside band (min=12491.54 max=33832.94)
229,Kolkata,"₹3,000 – ₹7,500",Hotel Niharika,3-Star,Park Street,No,3961.08,Hotel Niharika,15780139:IN,3,Yes,Yes,Yes,OK,details room match band+star (Rooms; ★3)
230,Kolkata,"₹3,000 – ₹7,500",Casa Broadway,3-Star,Gariahat,,,Casa Broadway,41340165:IN,,,,,NO_AVAIL,no priced rooms
229,Kolkata,"₹3,000 – ₹7,500",Hotel Niharika,3-Star,Park Street,No,3961.08,Hotel Niharika,15780139:IN,Yes,OK,details room in band (Rooms)
230,Kolkata,"₹3,000 – ₹7,500",Casa Broadway,3-Star,Gariahat,,,Casa Broadway,41340165:IN,,NO_AVAIL,no priced rooms
231,Kolkata,"Above ₹7,500",ITC Royal Bengal,5-Star,Tangra / EM Bypass,No,14282.51,"ITC Royal Bengal, a Luxury Collection Hotel, Kolka",31981013:IN,Yes,OK,details room in band (Rooms)
231,Kolkata,"Above ₹7,500",ITC Royal Bengal,5-Star,Tangra / EM Bypass,No,14282.51,"ITC Royal Bengal, a Luxury Collection Hotel, Kolka",31981013:IN,5,Yes,Yes,Yes,OK,details room match band+star (Rooms; ★5)
232,Kolkata,"Above ₹7,500",JW Marriott Hotel Kolkata,5-Star,Tangra / Central Kolkata,No,10015.08,JW Marriott Hotel Kolkata,15460158:IN,5,Yes,Yes,Yes,OK,details room match band+star (Rooms; ★5)
232,Kolkata,"Above ₹7,500",JW Marriott Hotel Kolkata,5-Star,Tangra / Central Kolkata,No,10015.08,JW Marriott Hotel Kolkata,15460158:IN,Yes,OK,details room in band (Rooms)
233,Kolkata,"Above ₹7,500",ITC Sonar,5-Star,EM Bypass / Tangra,No,11632.85,Itc Sonar Bangla,16312832:IN,Yes,OK,details room in band (Rooms)
233,Kolkata,"Above ₹7,500",ITC Sonar,5-Star,EM Bypass / Tangra,No,11632.85,Itc Sonar Bangla,16312832:IN,5,Yes,Yes,Yes,OK,details room match band+star (Rooms; ★5)
234,Kolkata,"Above ₹7,500",Taj Bengal,5-Star,Alipore,No,15671.07,Taj Bengal,15258577:IN,5,Yes,Yes,Yes,OK,details room match band+star (Rooms; ★5)
235,Kolkata,"Above ₹7,500",The Oberoi Grand Kolkata,5-Star,New Market / Esplanade,,,"The Oberoi Grand, Kolkata",39634813:IN,,,,,NO_AVAIL,no priced rooms
234,Kolkata,"Above ₹7,500",Taj Bengal,5-Star,Alipore,No,15671.07,Taj Bengal,15258577:IN,Yes,OK,details room in band (Rooms)
235,Kolkata,"Above ₹7,500",The Oberoi Grand Kolkata,5-Star,New Market / Esplanade,,,"The Oberoi Grand, Kolkata",39634813:IN,,NO_AVAIL,no priced rooms
236,Kolkata,"Above ₹7,500",The Westin Kolkata Rajarhat,5-Star,Rajarhat / New Town,No,7512.58,The Westin Kolkata Rajarhat,39520065:IN,5,Yes,Yes,Yes,OK,details room match band+star (Rooms; ★5)
236,Kolkata,"Above ₹7,500",The Westin Kolkata Rajarhat,5-Star,Rajarhat / New Town,No,7512.58,The Westin Kolkata Rajarhat,39520065:IN,Yes,OK,details room in band (Rooms)
237,Kolkata,"Above ₹7,500",Hyatt Regency Kolkata,5-Star,Salt Lake / Sector 3,No,8824.09,Hyatt Regency Kolkata,15259114:IN,Yes,OK,details room in band (Rooms)
238,Kolkata,"Above ₹7,500",The Park Hotel Kolkata,5-Star,Park Street,,,,,,NOT_FOUND,NO_MATCH
237,Kolkata,"Above ₹7,500",Hyatt Regency Kolkata,5-Star,Salt Lake / Sector 3,No,8824.09,Hyatt Regency Kolkata,15259114:IN,5,Yes,Yes,Yes,OK,details room match band+star (Rooms; ★5)
238,Kolkata,"Above ₹7,500",The Park Hotel Kolkata,5-Star,Park Street,,,,,,,,,NOT_FOUND,NO_MATCH
239,Kolkata,"Above ₹7,500",Vivanta Kolkata EM Bypass,5-Star,EM Bypass,No,7624.76,Vivanta Kolkata EM Bypass,39652278:IN,Yes,OK,details room in band (Rooms)
239,Kolkata,"Above ₹7,500",Vivanta Kolkata EM Bypass,5-Star,EM Bypass,No,7624.76,Vivanta Kolkata EM Bypass,39652278:IN,5,Yes,Yes,Yes,OK,details room match band+star (Rooms; ★5)
240,Jaipur,"Above ₹7,500",Hyatt Centric Ballygunge Kolkata,5-Star,Ballygunge,,,,,,NOT_FOUND,NO_MATCH
240,Jaipur,"Above ₹7,500",Hyatt Centric Ballygunge Kolkata,5-Star,Ballygunge,,,,,,,,,NOT_FOUND,NO_MATCH
241,Jaipur,Below - 3000,Red Fox by Lemon Tree Hotels,3-Star,Malviya Nagar / JLN Marg,,,RED FOX BY LEMON TREE HOTELS,31969341:IN,,NO_AVAIL,no priced rooms
241,Jaipur,Below - 3000,Red Fox by Lemon Tree Hotels,3-Star,Malviya Nagar / JLN Marg,,,RED FOX BY LEMON TREE HOTELS,31969341:IN,,,,,NO_AVAIL,no priced rooms
242,Jaipur,Below - 3000,The Saneer – A Boutique Hotel,3-Star,JLN Marg / Jawahar Circle,Yes,1612.54,The Saneer,38461692:IN,Yes,OK,details room in band (Rooms)
243,Jaipur,Below - 3000,Hotel Kalyan,3-Star,Gopalbari / Bani Park,,,Hotel Kalyan,70440708:IN,,NO_AVAIL,no priced rooms
242,Jaipur,Below - 3000,The Saneer – A Boutique Hotel,3-Star,JLN Marg / Jawahar Circle,Yes,1612.54,The Saneer,38461692:IN,3,Yes,Yes,Yes,OK,details room match band+star (Rooms; ★3)
244,Jaipur,Below - 3000,Hotel Horizon – Pratap Nagar,3-Star,Pratap Nagar / Tonk Road,,,Hotel Horizon,16711770:IN,,NO_AVAIL,no priced rooms
243,Jaipur,Below - 3000,Hotel Kalyan,3-Star,Gopalbari / Bani Park,,,Hotel Kalyan,70440708:IN,,,,,NO_AVAIL,no priced rooms
245,Jaipur,Below - 3000,Hotel Sahibs Corporate Inn,3-Star,Raja Park,,,,,,NOT_FOUND,NO_MATCH
246,Jaipur,Below - 3000,FabHotel Prime Sapphire Inn,3-Star,Mansarovar,,,,,,NOT_FOUND,NO_MATCH
244,Jaipur,Below - 3000,Hotel Horizon – Pratap Nagar,3-Star,Pratap Nagar / Tonk Road,,,Hotel Horizon,16711770:IN,,,,,NO_AVAIL,no priced rooms
245,Jaipur,Below - 3000,Hotel Sahibs Corporate Inn,3-Star,Raja Park,,,,,,,,,NOT_FOUND,NO_MATCH
246,Jaipur,Below - 3000,FabHotel Prime Sapphire Inn,3-Star,Mansarovar,,,,,,,,,NOT_FOUND,NO_MATCH
247,Jaipur,Below - 3000,FabHotel Bohra International,3-Star,Jaipur Railway Station,Yes,1545.39,FabHotel Bohra International,54633994:IN,3,Yes,Yes,Yes,OK,details room match band+star (Rooms; ★3)
247,Jaipur,Below - 3000,FabHotel Bohra International,3-Star,Jaipur Railway Station,Yes,1545.39,FabHotel Bohra International,54633994:IN,Yes,OK,details room in band (Rooms)
248,Jaipur,Below - 3000,FabHotel Jaipur Villa,3-Star,Vaishali Nagar,Yes,1730.16,Fabhotel Jaipur Villa Vaishali,16073992:IN,Yes,OK,details room in band (Rooms)
249,Jaipur,Below - 3000,The Hotel Hill View,3-Star,Malviya Nagar,,,The Hotel Hill View,39723443:IN,,NO_AVAIL,no priced rooms
248,Jaipur,Below - 3000,FabHotel Jaipur Villa,3-Star,Vaishali Nagar,Yes,1730.16,Fabhotel Jaipur Villa Vaishali,16073992:IN,3,Yes,Yes,Yes,OK,details room match band+star (Rooms; ★3)
249,Jaipur,Below - 3000,The Hotel Hill View,3-Star,Malviya Nagar,,,The Hotel Hill View,39723443:IN,,,,,NO_AVAIL,no priced rooms
250,Jaipur,Below - 3000,Hotel Aksh Inn,3-Star,Tonk Road / Sanganer,No,3015.64,Hotel Aksh Inn,40235988:IN,3,No,Yes,No,OUT_OF_BAND,no band+star room (api★=3 want★=3; rates 3015.64–3429.02)
250,Jaipur,Below - 3000,Hotel Aksh Inn,3-Star,Tonk Road / Sanganer,No,3015.64,Hotel Aksh Inn,40235988:IN,No,OUT_OF_BAND,details cheapest outside band (min=3015.64 max=3429.02)
251,Jaipur,"₹3,000 – ₹7,500",Fairfield by Marriott Jaipur,3-Star,Bani Park,No,7057.01,Fairfield by Marriott Jaipur,43419228:IN,Yes,OK,details room in band (Rooms)
251,Jaipur,"₹3,000 – ₹7,500",Fairfield by Marriott Jaipur,3-Star,Bani Park,No,7057.01,Fairfield by Marriott Jaipur,43419228:IN,4,Yes,No,No,STAR_MISMATCH,no band+star room (api★=4 want★=3; rates 7057.01–25310.57)
252,Jaipur,"₹3,000 – ₹7,500",Jaipur Marriott Hotel,5-Star,Tonk Road / Airport,No,9915.29,Jaipur Marriott Hotel,15496700:IN,5,No,Yes,No,OUT_OF_BAND,no band+star room (api★=5 want★=5; rates 9915.29–29559.25)
252,Jaipur,"₹3,000 – ₹7,500",Jaipur Marriott Hotel,5-Star,Tonk Road / Airport,No,9915.29,Jaipur Marriott Hotel,15496700:IN,No,OUT_OF_BAND,details cheapest outside band (min=9915.29 max=28468.16)
253,Jaipur,"₹3,000 – ₹7,500",Hilton Jaipur,5-Star,Civil Lines / Hawa Sadak,No,11591.44,Hilton Jaipur,39755165:IN,4,No,No,No,FILTER_MISMATCH,no band+star room (api★=4 want★=5; rates 11591.44–44168.65)
253,Jaipur,"₹3,000 – ₹7,500",Hilton Jaipur,5-Star,Civil Lines / Hawa Sadak,No,11591.44,Hilton Jaipur,39755165:IN,No,OUT_OF_BAND,details cheapest outside band (min=11591.44 max=44168.65)
254,Jaipur,"₹3,000 – ₹7,500",Radisson Jaipur City Center,5-Star,MI Road / Sindhi Camp,No,8852.8,Radisson Jaipur City Center,16255031:IN,No,OUT_OF_BAND,details cheapest outside band (min=8852.8 max=45266.19)
254,Jaipur,"₹3,000 – ₹7,500",Radisson Jaipur City Center,5-Star,MI Road / Sindhi Camp,No,8852.8,Radisson Jaipur City Center,16255031:IN,5,No,Yes,No,OUT_OF_BAND,no band+star room (api★=5 want★=5; rates 8852.8–45266.19)
255,Jaipur,"₹3,000 – ₹7,500",Holiday Inn Jaipur City Centre,5-Star,C-Scheme,No,7642.72,Holiday Inn Jaipur City Centre,39749094:IN,5,No,Yes,No,OUT_OF_BAND,no band+star room (api★=5 want★=5; rates 7642.72–26695.07)
255,Jaipur,"₹3,000 – ₹7,500",Holiday Inn Jaipur City Centre,5-Star,C-Scheme,No,7642.72,Holiday Inn Jaipur City Centre,39749094:IN,No,OUT_OF_BAND,details cheapest outside band (min=7642.72 max=26695.07)
256,Jaipur,"₹3,000 – ₹7,500",Hyatt Place Jaipur Malviya Nagar,4-Star,Malviya Nagar,No,10033.5,Hyatt Place Jaipur Malviya Nagar,41284599:IN,1,No,No,No,FILTER_MISMATCH,no band+star room (api★=1 want★=4; rates 10033.5–15337.39)
256,Jaipur,"₹3,000 – ₹7,500",Hyatt Place Jaipur Malviya Nagar,4-Star,Malviya Nagar,No,10033.5,Hyatt Place Jaipur Malviya Nagar,41284599:IN,No,OUT_OF_BAND,details cheapest outside band (min=10033.5 max=15337.39)
257,Jaipur,"₹3,000 – ₹7,500",Lemon Tree Premier Jaipur,4-Star,Bani Park,Yes,6025.76,Lemon Tree Premier Jaipur,16442255:IN,Yes,OK,details room in band (Rooms)
257,Jaipur,"₹3,000 – ₹7,500",Lemon Tree Premier Jaipur,4-Star,Bani Park,Yes,6025.76,Lemon Tree Premier Jaipur,16442255:IN,4,Yes,Yes,Yes,OK,details room match band+star (Rooms; ★4)
258,Jaipur,"₹3,000 – ₹7,500",Ramada by Wyndham Jaipur,5-Star,Raja Park,No,6295.8,Ramada By Wyndham Jaipur,39671648:IN,Yes,OK,details room in band (Rooms)
258,Jaipur,"₹3,000 – ₹7,500",Ramada by Wyndham Jaipur,5-Star,Raja Park,No,6295.8,Ramada By Wyndham Jaipur,39671648:IN,4,Yes,No,No,STAR_MISMATCH,no band+star room (api★=4 want★=5; rates 6295.8–19381.05)
259,Jaipur,"₹3,000 – ₹7,500",Shahpura House,4-Star,Bani Park,No,9410.5,Shahpura House,15257647:IN,4,No,Yes,No,OUT_OF_BAND,no band+star room (api★=4 want★=4; rates 9410.5–23170.65)
260,Jaipur,"₹3,000 – ₹7,500",The Fern Residency Jaipur,4-Star,Adarsh Nagar,,,"The Fern Residency, Jaipur",41425522:IN,,,,,NO_AVAIL,no priced rooms
259,Jaipur,"₹3,000 – ₹7,500",Shahpura House,4-Star,Bani Park,No,9410.5,Shahpura House,15257647:IN,No,OUT_OF_BAND,details cheapest outside band (min=9410.5 max=23170.65)
260,Jaipur,"₹3,000 – ₹7,500",The Fern Residency Jaipur,4-Star,Adarsh Nagar,,,"The Fern Residency, Jaipur",41425522:IN,,NO_AVAIL,no priced rooms
261,Jaipur,"Above ₹7,500",ITC Rajputana – A Luxury Collection Hotel,5-Star,Gopalbari / Palace Road,No,22986.97,ITC Rajputana Jaipur,39621970:IN,Yes,OK,details room in band (Rooms)
261,Jaipur,"Above ₹7,500",ITC Rajputana – A Luxury Collection Hotel,5-Star,Gopalbari / Palace Road,No,22986.97,ITC Rajputana Jaipur,39621970:IN,5,Yes,Yes,Yes,OK,details room match band+star (Rooms; ★5)
262,Jaipur,"Above ₹7,500",Fairmont Jaipur,5-Star,Kukas / Amer Road,No,31514.64,Fairmont Jaipur,39609157:IN,Yes,OK,details room in band (Rooms)
263,Jaipur,"Above ₹7,500",The Leela Palace Jaipur,5-Star,Kukas / Amer,,,The Leela Palace Jaipur,70475934:IN,,NO_AVAIL,no priced rooms
262,Jaipur,"Above ₹7,500",Fairmont Jaipur,5-Star,Kukas / Amer Road,No,31514.64,Fairmont Jaipur,39609157:IN,5,Yes,Yes,Yes,OK,details room match band+star (Rooms; ★5)
263,Jaipur,"Above ₹7,500",The Leela Palace Jaipur,5-Star,Kukas / Amer,,,The Leela Palace Jaipur,70475934:IN,,,,,NO_AVAIL,no priced rooms
264,Jaipur,"Above ₹7,500",The Oberoi Rajvilas,5-Star,Goner Road,No,89489.05,The Oberoi Rajvilas Jaipur,39723426:IN,5,Yes,Yes,Yes,OK,details room match band+star (Rooms; ★5)
264,Jaipur,"Above ₹7,500",The Oberoi Rajvilas,5-Star,Goner Road,No,89489.05,The Oberoi Rajvilas Jaipur,39723426:IN,Yes,OK,details room in band (Rooms)
265,Jaipur,"Above ₹7,500",Rambagh Palace,5-Star,Rambagh,No,88146.07,Rambagh Palace,39616193:IN,Yes,OK,details room in band (Rooms)
265,Jaipur,"Above ₹7,500",Rambagh Palace,5-Star,Rambagh,No,88146.07,Rambagh Palace,39616193:IN,5,Yes,Yes,Yes,OK,details room match band+star (Rooms; ★5)
266,Jaipur,"Above ₹7,500",Jai Mahal Palace,5-Star,Civil Lines / Jacob Road,No,28173.68,Jai Mahal Palace,38943230:IN,5,Yes,Yes,Yes,OK,details room match band+star (Rooms; ★5)
266,Jaipur,"Above ₹7,500",Jai Mahal Palace,5-Star,Civil Lines / Jacob Road,No,28173.68,Jai Mahal Palace,38943230:IN,Yes,OK,details room in band (Rooms)
267,Jaipur,"Above ₹7,500",The Raj Palace,5-Star,Amer Road,No,32801.89,The Raj Palace,39736224:IN,Yes,OK,details room in band (Rooms)
267,Jaipur,"Above ₹7,500",The Raj Palace,5-Star,Amer Road,No,32801.89,The Raj Palace,39736224:IN,5,Yes,Yes,Yes,OK,details room match band+star (Rooms; ★5)
268,Jaipur,"Above ₹7,500",Anantara Jewel Bagh Jaipur,5-Star,Sitapura,No,33132.49,Anantara Jewel Bagh Jaipur,70518732:IN,Yes,OK,details room in band (Rooms)
268,Jaipur,"Above ₹7,500",Anantara Jewel Bagh Jaipur,5-Star,Sitapura,No,33132.49,Anantara Jewel Bagh Jaipur,70518732:IN,5,Yes,Yes,Yes,OK,details room match band+star (Rooms; ★5)
269,Jaipur,"Above ₹7,500",Le Méridien Jaipur Resort & Spa,5-Star,Kukas / Amer,,,,,,NOT_FOUND,NO_MATCH
269,Jaipur,"Above ₹7,500",Le Méridien Jaipur Resort & Spa,5-Star,Kukas / Amer,,,,,,,,,NOT_FOUND,NO_MATCH
270,Jaipur,"Above ₹7,500",Hyatt Regency Jaipur Mansarovar,5-Star,Mansarovar,No,12357.49,Hyatt Regency Jaipur Mansarovar,41364049:IN,1,Yes,No,No,STAR_MISMATCH,no band+star room (api★=1 want★=5; rates 12357.49–198837.72)
270,Jaipur,"Above ₹7,500",Hyatt Regency Jaipur Mansarovar,5-Star,Mansarovar,No,12357.49,Hyatt Regency Jaipur Mansarovar,41364049:IN,Yes,OK,details room in band (Rooms)
271,Indore,Below - 3000,Hotel Meritel Grande,3-Star,Vijay Nagar,Yes,1656.13,Hotel Meritel Grande,41565236:IN,3,Yes,Yes,Yes,OK,details room match band+star (Rooms; ★3)
271,Indore,Below - 3000,Hotel Meritel Grande,3-Star,Vijay Nagar,Yes,1656.13,Hotel Meritel Grande,41565236:IN,Yes,OK,details room in band (Rooms)
272,Indore,Below - 3000,Hotel Somdeep Palace,3-Star,Vijay Nagar,Yes,1700.7,HOTEL SOMDEEP PALACE,39706186:IN,Yes,OK,details room in band (Rooms)
273,Indore,Below - 3000,Hotel Sonash by Golden Treat,3-Star,Indra Puri Colony,,,,,,NOT_FOUND,NO_MATCH
272,Indore,Below - 3000,Hotel Somdeep Palace,3-Star,Vijay Nagar,Yes,1700.7,HOTEL SOMDEEP PALACE,39706186:IN,3,Yes,Yes,Yes,OK,details room match band+star (Rooms; ★3)
273,Indore,Below - 3000,Hotel Sonash by Golden Treat,3-Star,Indra Puri Colony,,,,,,,,,NOT_FOUND,NO_MATCH
274,Indore,Below - 3000,Hotel Konark Inn,3-Star,Vijay Nagar,Yes,2377.2,Hotel Konark Inn,39065190:IN,Yes,OK,details room in band (Rooms)
274,Indore,Below - 3000,Hotel Konark Inn,3-Star,Vijay Nagar,Yes,2377.2,Hotel Konark Inn,39065190:IN,3,Yes,Yes,Yes,OK,details room match band+star (Rooms; ★3)
275,Indore,Below - 3000,Cosmopolitan Hotel,3-Star,Chhoti Gwaltoli / Railway Station,,,COSMOPOLITAN HOTEL,39738484:IN,,NO_AVAIL,no priced rooms
275,Indore,Below - 3000,Cosmopolitan Hotel,3-Star,Chhoti Gwaltoli / Railway Station,,,COSMOPOLITAN HOTEL,39738484:IN,,,,,NO_AVAIL,no priced rooms
276,Indore,Below - 3000,FabHotel Prime Avenue,3-Star,Vijay Nagar,Yes,1628.98,Fabhotel Prime Avenue,15620136:IN,3,Yes,Yes,Yes,OK,details room match band+star (Rooms; ★3)
276,Indore,Below - 3000,FabHotel Prime Avenue,3-Star,Vijay Nagar,Yes,1628.98,Fabhotel Prime Avenue,15620136:IN,Yes,OK,details room in band (Rooms)
277,Indore,Below - 3000,FabHotel Imperial Regency,3-Star,Tukoganj,Yes,1459.81,Fabhotel Imperial Regency,38364740:IN,Yes,OK,details room in band (Rooms)
277,Indore,Below - 3000,FabHotel Imperial Regency,3-Star,Tukoganj,Yes,1459.81,Fabhotel Imperial Regency,38364740:IN,1,Yes,No,No,STAR_MISMATCH,no band+star room (api★=1 want★=3; rates 1459.81–3230.6)
278,Indore,Below - 3000,FabHotel Bee Town,3-Star,AB Road,,,FabHotel Bee Town,38985568:IN,,NO_AVAIL,no priced rooms
278,Indore,Below - 3000,FabHotel Bee Town,3-Star,AB Road,,,FabHotel Bee Town,38985568:IN,,,,,NO_AVAIL,no priced rooms
279,Indore,Below - 3000,Hotel Winway,3-Star,South Tukoganj,,,Hotel Winway,15407740:IN,,,,,NO_AVAIL,no priced rooms
279,Indore,Below - 3000,Hotel Winway,3-Star,South Tukoganj,,,Hotel Winway,15407740:IN,,NO_AVAIL,no priced rooms
280,Indore,Below - 3000,Hotel Ashoka,3-Star,Vijay Nagar,,,Hotel Ashoka,41322101:IN,,,,,NO_AVAIL,no priced rooms
280,Indore,Below - 3000,Hotel Ashoka,3-Star,Vijay Nagar,,,Hotel Ashoka,41322101:IN,,NO_AVAIL,no priced rooms
281,Indore,"₹3,000 – ₹7,500",Hotel Shreemaya,4-Star,South Tukoganj,,,Hotel Shreemaya,31435778:IN,,,,,NO_AVAIL,no priced rooms
281,Indore,"₹3,000 – ₹7,500",Hotel Shreemaya,4-Star,South Tukoganj,,,Hotel Shreemaya,31435778:IN,,NO_AVAIL,no priced rooms
282,Indore,"₹3,000 – ₹7,500",Hotel Winway,3-Star,South Tukoganj,,,Hotel Winway,15407740:IN,,,,,NO_AVAIL,no priced rooms
282,Indore,"₹3,000 – ₹7,500",Hotel Winway,3-Star,South Tukoganj,,,Hotel Winway,15407740:IN,,NO_AVAIL,no priced rooms
283,Indore,"₹3,000 – ₹7,500",Enrise by Sayaji Rau,4-Star,Rau,Yes,5040.79,Enrise By Sayaji Rau (Indore),16345444:IN,4,Yes,Yes,Yes,OK,details room match band+star (Rooms; ★4)
283,Indore,"₹3,000 – ₹7,500",Enrise by Sayaji Rau,4-Star,Rau,Yes,5040.79,Enrise By Sayaji Rau (Indore),16345444:IN,Yes,OK,details room in band (Rooms)
284,Indore,"₹3,000 – ₹7,500",Clarion Inn Indore,4-Star,Aurobindo / Ujjain Road,Yes,3089.83,Clarion Inn Indore,40036315:IN,1,Yes,No,No,STAR_MISMATCH,no band+star room (api★=1 want★=4; rates 3089.83–193677.46)
284,Indore,"₹3,000 – ₹7,500",Clarion Inn Indore,4-Star,Aurobindo / Ujjain Road,Yes,3089.83,Clarion Inn Indore,40036315:IN,Yes,OK,details room in band (Rooms)
285,Indore,"₹3,000 – ₹7,500",South Avenue,4-Star,South Tukoganj,,,South Avenue,72013299:GB,,NO_AVAIL,no priced rooms
285,Indore,"₹3,000 – ₹7,500",South Avenue,4-Star,South Tukoganj,,,South Avenue,72013299:GB,,,,,NO_AVAIL,no priced rooms
286,Indore,"₹3,000 – ₹7,500",Kyriad Hotel Indore,4-Star,Vijay Nagar,No,3065.97,Kyriad Hotel Indore Formerly Citrus Hotel Indore,38486906:IN,4,Yes,Yes,Yes,OK,details room match band+star (Rooms; ★4)
286,Indore,"₹3,000 – ₹7,500",Kyriad Hotel Indore,4-Star,Vijay Nagar,No,3065.97,Kyriad Hotel Indore Formerly Citrus Hotel Indore,38486906:IN,Yes,OK,details room in band (Rooms)
287,Indore,"₹3,000 – ₹7,500",Radisson RED Indore,5-Star,Vijay Nagar,No,4055.32,Radisson RED Indore,72361897:IN,4,Yes,No,No,STAR_MISMATCH,no band+star room (api★=4 want★=5; rates 4055.32–6343.19)
287,Indore,"₹3,000 – ₹7,500",Radisson RED Indore,5-Star,Vijay Nagar,No,4055.32,Radisson RED Indore,72361897:IN,Yes,OK,details room in band (Rooms)
288,Indore,"₹3,000 – ₹7,500",Radisson Blu Hotel Indore,5-Star,Vijay Nagar / Scheme 94,No,4640.67,Radisson Blu Hotel Indore,39612499:IN,5,Yes,Yes,Yes,OK,details room match band+star (Rooms; ★5)
288,Indore,"₹3,000 – ₹7,500",Radisson Blu Hotel Indore,5-Star,Vijay Nagar / Scheme 94,No,4640.67,Radisson Blu Hotel Indore,39612499:IN,Yes,OK,details room in band (Rooms)
289,Indore,"₹3,000 – ₹7,500",Fairfield by Marriott Indore,5-Star,Vijay Nagar / Scheme 94,No,4887.85,Fairfield by Marriott Indore,15459900:IN,Yes,OK,details room in band (Rooms)
289,Indore,"₹3,000 – ₹7,500",Fairfield by Marriott Indore,5-Star,Vijay Nagar / Scheme 94,No,4887.85,Fairfield by Marriott Indore,15459900:IN,4,Yes,No,No,STAR_MISMATCH,no band+star room (api★=4 want★=5; rates 4887.85–14284.27)
290,Indore,"₹3,000 – ₹7,500",Pride Plaza Indore,5-Star,Rau,No,8409.95,Pride Plaza Indore,72482576:IN,No,OUT_OF_BAND,details cheapest outside band (min=8409.95 max=13791.7)
290,Indore,"₹3,000 – ₹7,500",Pride Plaza Indore,5-Star,Rau,No,8409.95,Pride Plaza Indore,72482576:IN,4,No,No,No,FILTER_MISMATCH,no band+star room (api★=4 want★=5; rates 8409.95–13791.7)
291,Indore,"Above ₹7,500",Indore Marriott Hotel,5-Star,Vijay Nagar,No,10082.78,Indore Marriott Hotel,39613421:IN,5,Yes,Yes,Yes,OK,details room match band+star (Rooms; ★5)
291,Indore,"Above ₹7,500",Indore Marriott Hotel,5-Star,Vijay Nagar,No,10082.78,Indore Marriott Hotel,39613421:IN,Yes,OK,details room in band (Rooms)
292,Indore,"Above ₹7,500","WOW Crest, Indore – IHCL SeleQtions",5-Star,Vijay Nagar,No,7510.41,WOW Crest Indore - IHCL SeleQtions,39608971:IN,5,Yes,Yes,Yes,OK,details room match band+star (Rooms; ★5)
292,Indore,"Above ₹7,500","WOW Crest, Indore – IHCL SeleQtions",5-Star,Vijay Nagar,No,7510.41,WOW Crest Indore - IHCL SeleQtions,39608971:IN,Yes,OK,details room in band (Rooms)
293,Indore,"Above ₹7,500",The Park Indore,5-Star,Vijay Nagar / MR-10,Yes,8306.58,The Park Indore,41284553:IN,1,Yes,No,No,STAR_MISMATCH,no band+star room (api★=1 want★=5; rates 6957.39–44658.46)
293,Indore,"Above ₹7,500",The Park Indore,5-Star,Vijay Nagar / MR-10,Yes,8306.58,The Park Indore,41284553:IN,Yes,OK,details room in band (Rooms)
294,Indore,"Above ₹7,500",Sheraton Grand Palace Indore,5-Star,Super Corridor / Bicholi,No,9248.61,Sheraton Grand Palace Indore,39527911:IN,Yes,OK,details room in band (Rooms)
294,Indore,"Above ₹7,500",Sheraton Grand Palace Indore,5-Star,Super Corridor / Bicholi,No,9248.61,Sheraton Grand Palace Indore,39527911:IN,5,Yes,Yes,Yes,OK,details room match band+star (Rooms; ★5)
295,Indore,"Above ₹7,500",Brilliant Hotel & Convention Centre,5-Star,Vijay Nagar / Scheme 78,,,,,,NOT_FOUND,NO_MATCH
295,Indore,"Above ₹7,500",Brilliant Hotel & Convention Centre,5-Star,Vijay Nagar / Scheme 78,,,,,,,,,NOT_FOUND,NO_MATCH
296,Indore,"Above ₹7,500",Sayaji Indore,5-Star,Vijay Nagar,Yes,8740.43,Enrise By Sayaji Rau (Indore),16345444:IN,Yes,OK,details room in band (Rooms)
296,Indore,"Above ₹7,500",Sayaji Indore,5-Star,Vijay Nagar,Yes,8740.43,Enrise By Sayaji Rau (Indore),16345444:IN,4,Yes,No,No,STAR_MISMATCH,no band+star room (api★=4 want★=5; rates 5040.79–11789.26)
297,Indore,"Above ₹7,500",Radisson Blu Hotel Indore,5-Star,Vijay Nagar / Scheme 94,No,8055.67,Radisson Blu Hotel Indore,39612499:IN,Yes,OK,details room in band (Rooms)
298,Indore,"Above ₹7,500",Pride Plaza Indore,5-Star,Rau,No,8409.95,Pride Plaza Indore,72482576:IN,Yes,OK,details room in band (Rooms)
297,Indore,"Above ₹7,500",Radisson Blu Hotel Indore,5-Star,Vijay Nagar / Scheme 94,No,8055.67,Radisson Blu Hotel Indore,39612499:IN,5,Yes,Yes,Yes,OK,details room match band+star (Rooms; ★5)
299,Indore,"Above ₹7,500",Radisson RED Indore,5-Star,Vijay Nagar,No,4055.32,Radisson RED Indore,72361897:IN,No,OUT_OF_BAND,details cheapest outside band (min=4055.32 max=6343.19)
300,Indore,"Above ₹7,500",Effotel by Sayaji Indore,4-Star,Vijay Nagar / Scheme 94,,,,,,NOT_FOUND,NO_MATCH
298,Indore,"Above ₹7,500",Pride Plaza Indore,5-Star,Rau,No,8409.95,Pride Plaza Indore,72482576:IN,4,Yes,No,No,STAR_MISMATCH,no band+star room (api★=4 want★=5; rates 8409.95–13791.7)
299,Indore,"Above ₹7,500",Radisson RED Indore,5-Star,Vijay Nagar,No,4055.32,Radisson RED Indore,72361897:IN,4,No,No,No,FILTER_MISMATCH,no band+star room (api★=4 want★=5; rates 4055.32–6343.19)
300,Indore,"Above ₹7,500",Effotel by Sayaji Indore,4-Star,Vijay Nagar / Scheme 94,,,,,,,,,NOT_FOUND,NO_MATCH
