Hotels Below 5000,,,,,,,,,,,,
Cities,DELHI,,,,MUMBAI,,,,Bangalore,,,
Travel Date,Total Hotels,Hotel without PAN mandatory,Total Room Counts,Rooms without PAN Mandatory,Total Hotels,Hotel without PAN mandatory,Total Room Counts,Rooms without PAN Mandatory,Total Hotels,Hotel without PAN mandatory,Total Room Counts,Rooms without PAN Mandatory
25 Aug 2025,27,15,27,15,813,470,813,470,24,18,24,18
05 Sept 2025,27,14,27,14,807,474,807,474,36,20,36,20
20 Sept 2025,21,14,21,14,781,452,781,452,34,18,34,18



Hotels Below 5001- 7500,,,,,,,,,,,,
Cities,DELHI,,,,MUMBAI,,,,Bangalore,,,
Travel Date,Total Hotels,Hotel without PAN mandatory,Total Room Counts,Rooms without PAN Mandatory,Total Hotels,Hotel without PAN mandatory,Total Room Counts,Rooms without PAN Mandatory,Total Hotels,Hotel without PAN mandatory,Total Room Counts,Rooms without PAN Mandatory
25 Aug 2025,22,17,22,17,134,82,134,82,38,27,38,27
05 Sept 2025,26,20,26,20,147,83,147,83,30,22,30,22
20 Sept 2025,23,13,23,13,153,85,153,85,28,19,28,19



Hotels Above 7501,,,,,,,,,,,,
Cities,DELHI,,,,MUMBAI,,,,Bangalore,,,
Travel Date,Total Hotels,Hotel without PAN mandatory,Total Room Counts,Rooms without PAN Mandatory,Total Hotels,Hotel without PAN mandatory,Total Room Counts,Rooms without PAN Mandatory,Total Hotels,Hotel without PAN mandatory,Total Room Counts,Rooms without PAN Mandatory
25 Aug 2025,71,44,71,44,124,65,124,65,55,26,55,26
05 Sept 2025,72,37,72,37,115,67,115,67,58,35,58,35
20 Sept 2025,78,56,78,56,124,69,124,69,62,33,62,33



