,,,,,,,
Sr. No,City ,Price Band ,Hotel ,Category ,Location ,GST Claimable (Yes/No),Rate per Night (20 Oct 2026)
1,Mumbai ,Below - 3000,City Stay,Budget/Hostel,Andheri East,,
2,Mumbai ,Below - 3000,City Guest House,Budget,Dadar East,,
3,Mumbai ,Below - 3000,Welcome Guest House,Budget,Byculla,,
4,Mumbai ,Below - 3000,Itsy Hotels Bindra Elite,Budget/3-Star,Andheri East,,
5,Mumbai ,Below - 3000,"Z Bliss Suites, BKC",Serviced Apartment,BKC,,
6,Mumbai ,Below - 3000,Rest Inn Hostel AC Dormitory,Budget/Hostel,Sakinaka,,
7,Mumbai ,Below - 3000,Hotel BKC Fortune,Budget,Bandra East/BKC,,
8,Mumbai ,Below - 3000,Hotel BKC Garden,Budget,Bandra East/BKC,,
9,Mumbai ,Below - 3000,Hotel Breeze Bay BKC,Budget,Bandra East/BKC,,
10,Mumbai ,Below - 3000,Hotel Embassy Park,Budget,Bandra East,,
11,Mumbai ,"₹3,000 – ₹7,500",Hotel Cliffton,3-Star,Jogeshwari West,,
12,Mumbai ,"₹3,000 – ₹7,500",Privilege Inn,3-Star,Malad,,
13,Mumbai ,"₹3,000 – ₹7,500",La Hotel Metro,3-Star,Kurla,,
14,Mumbai ,"₹3,000 – ₹7,500",Hotel Surya Prakash,Budget/3-Star,Chembur,,
15,Mumbai ,"₹3,000 – ₹7,500",Hotel Ashray International,3-Star,Sion / Near BKC,,
16,Mumbai ,"₹3,000 – ₹7,500",Ajanta Continental,3-Star,Santacruz East,,
17,Mumbai ,"₹3,000 – ₹7,500",Hotel Auris & Banquets,4-Star,Andheri East,,
18,Mumbai ,"₹3,000 – ₹7,500",Hotel Diplomat Colaba,3-Star,Colaba,,
19,Mumbai ,"₹3,000 – ₹7,500",Mumbai House Luxury Apartments,Serviced Apartment/4-Star style,Santacruz East,,
20,Mumbai ,"Above ₹7,500",The Mirador,4-Star,Andheri East,,
21,Mumbai ,"Above ₹7,500",Hotel Cliffton,3-Star,Jogeshwari West,,
22,Mumbai ,"Above ₹7,500",Privilege Inn,3-Star,Malad,,
23,Mumbai ,"Above ₹7,500",La Hotel Metro,3-Star,Kurla,,
24,Mumbai ,"Above ₹7,500",Hotel Surya Prakash,Budget/3-Star,Chembur,,
25,Mumbai ,"Above ₹7,500",Hotel Ashray International,3-Star,Sion / Near BKC,,
26,Mumbai ,"Above ₹7,500",Ajanta Continental,3-Star,Santacruz East,,
27,Mumbai ,"Above ₹7,500",Hotel Auris & Banquets,4-Star,Andheri East,,
28,Mumbai ,"Above ₹7,500",Hotel Diplomat Colaba,3-Star,Colaba,,
29,Mumbai ,"Above ₹7,500",Mumbai House Luxury Apartments,Serviced Apartment/4-Star style,Santacruz East,,
30,Mumbai ,"Above ₹7,500",The Mirador,4-Star,Andheri East,,
31,Delhi NCR ,Below - 3000,The Golden Tower Near Delhi Airport,Budget / 3-Star,"Mahipalpur, Delhi",,
32,Delhi NCR ,Below - 3000,Qotel Comfort Chattarpur,Budget,"Chhattarpur, Delhi",,
33,Delhi NCR ,Below - 3000,Hotel The Imperio Jasola,3-Star,"Jasola, Delhi",,
34,Delhi NCR ,Below - 3000,Le ROI Express @ Paharganj,Budget / 3-Star,"Paharganj, Delhi",,
35,Delhi NCR ,Below - 3000,Collection O Tilak Nagar,Budget,West Delhi,,
36,Delhi NCR ,Below - 3000,Sarla Hotel Inn,3-Star,"Sector 62, Noida",,
37,Delhi NCR ,Below - 3000,Hotel Downtown by Quadis,3-Star,"Sector 15, Noida",,
38,Delhi NCR ,Below - 3000,Treebo Accent Park Hotel,3-Star,"Sector 142, Noida",,
39,Delhi NCR ,Below - 3000,Marks Hotel & Banquet,3-Star,"Sector 63A, Noida",,
40,Delhi NCR ,Below - 3000,Mavens White Artemis Hospital Road,Budget / 3-Star,"Sector 52, Gurugram",,
41,Delhi NCR ,"₹3,000 – ₹7,500",Hotel Apple Villa @ Paharganj,Budget / 3-Star,"Paharganj, Delhi",,
42,Delhi NCR ,"₹3,000 – ₹7,500",JRD Exotica – Business Hotel,3-Star,"Safdarjung Enclave, Delhi",,
43,Delhi NCR ,"₹3,000 – ₹7,500",Qotel Comfort Ashok Vihar,3-Star,"Ashok Vihar, Delhi",,
44,Delhi NCR ,"₹3,000 – ₹7,500",Hotel The Tark,3-Star,"Mahipalpur, Delhi",,
45,Delhi NCR ,"₹3,000 – ₹7,500",Iris Park Hotel,3-Star,"Safdarjung Enclave, Delhi",,
46,Delhi NCR ,"₹3,000 – ₹7,500",Nirulas Hotel,3-Star,"Sector 2, Noida",,
47,Delhi NCR ,"₹3,000 – ₹7,500",Hotel Ginzer Plaza,3-Star,"Sector 19, Noida",,
48,Delhi NCR ,"₹3,000 – ₹7,500",Hotel Red York,3-Star,"Sector 63A, Noida",,
49,Delhi NCR ,"₹3,000 – ₹7,500",Hampton By ICs,4-Star,"Sector 132, Noida",,
50,Delhi NCR ,"₹3,000 – ₹7,500",Golden Tulip Gurugram,4-Star,"Sector 80, Gurugram",,
51,Delhi NCR ,"Above ₹7,500",Radisson Blu Plaza Hotel,5-Star,Delhi Airport / Mahipalpur,,
52,Delhi NCR ,"Above ₹7,500",The Grand New Delhi,5-Star,Vasant Kunj,,
53,Delhi NCR ,"Above ₹7,500",Hyatt Regency Delhi,5-Star,Bhikaji Cama Place,,
54,Delhi NCR ,"Above ₹7,500",The Lalit New Delhi,5-Star,Connaught Place,,
55,Delhi NCR ,"Above ₹7,500",Le Méridien New Delhi,5-Star,Connaught Place,,
56,Delhi NCR ,"Above ₹7,500","The Oberoi, New Delhi",5-Star,Golf Links,,
57,Delhi NCR ,"Above ₹7,500","Taj Palace, New Delhi",5-Star,Chanakyapuri,,
58,Delhi NCR ,"Above ₹7,500",The Westin Gurgaon,5-Star,"Sector 29, Gurugram",,
59,Delhi NCR ,"Above ₹7,500",Radisson Blu MBD Hotel Noida,5-Star,"Sector 18, Noida",,
60,Delhi NCR ,"Above ₹7,500",Crowne Plaza Greater Noida,5-Star,Greater Noida,,
61,Bengaluru,Below - 3000,Treebo Comfy Business,3-Star,Koramangala / Hosur Road,,
62,Bengaluru,Below - 3000,Essotto Business Hotel,3-Star,Whitefield,,
63,Bengaluru,Below - 3000,Z Express Highstreet,3-Star,Hosur Road / Electronic City,,
64,Bengaluru,Below - 3000,New Rainbow Business Hotel,3-Star,Bengaluru,,
65,Bengaluru,Below - 3000,The Lounge Business Hotel,3-Star,Kalasipalyam,,
66,Bengaluru,Below - 3000,Corporate Comforts Hotel,3-Star / Budget,Jayanagar,,
67,Bengaluru,Below - 3000,Olive Hotel JP Nagar Metro,3-Star / Budget,JP Nagar,,
68,Bengaluru,Below - 3000,Open Hotel by Olive – We Square,3-Star / Budget,Sarjapur Road,,
69,Bengaluru,Below - 3000,Olive Hotel Nagawara,3-Star / Budget,Nagawara,,
70,Bengaluru,Below - 3000,Open Hotel by Olive – Xotel Koramangala,3-Star / Budget,Koramangala,,
71,Bengaluru,"₹3,000 – ₹7,500",The Chancery Pavilion,4-Star,Ashok Nagar / Residency Road,,
72,Bengaluru,"₹3,000 – ₹7,500",Ibis Bengaluru City Centre,3-Star,Sampangi Rama Nagar,,
73,Bengaluru,"₹3,000 – ₹7,500",Fortune Park JP Celestial,4-Star,Gandhi Nagar,,
74,Bengaluru,"₹3,000 – ₹7,500",ibis Bengaluru Hebbal,3-Star,Hebbal / Manyata,,
75,Bengaluru,"₹3,000 – ₹7,500",Davanam Sarovar Portico Suites,4-Star,Koramangala,,
76,Bengaluru,"₹3,000 – ₹7,500",VIVIDUS Hotel – Racecourse,4-Star,Gandhi Nagar / Racecourse,,
77,Bengaluru,"₹3,000 – ₹7,500",ZION – A Luxurious Hotel,3-Star/4-Star,Gandhi Nagar,,
78,Bengaluru,"₹3,000 – ₹7,500",Park Inn & Suites by Radisson Bengaluru Yelahanka,4-Star,Yelahanka,,
79,Bengaluru,"₹3,000 – ₹7,500",Holiday Inn Express Bengaluru Whitefield ITPL,3-Star,Whitefield / ITPL,,
80,Bengaluru,"₹3,000 – ₹7,500",Spektrum Hotel Bengaluru Airport,4-Star,Near Kempegowda Airport,,
81,Bengaluru,"Above ₹7,500",Radisson Blu Atria Bengaluru,5-Star,Palace Road / CBD,,
82,Bengaluru,"Above ₹7,500",Welcomhotel by ITC Hotels,5-Star,Richmond Road,,
83,Bengaluru,"Above ₹7,500","Country Inn & Suites by Radisson, Bengaluru Hebbal Road",4-Star,Hebbal / Manyata,,
84,Bengaluru,"Above ₹7,500",Lemon Tree Premier Ulsoor Lake,4-Star,Ulsoor,,
85,Bengaluru,"Above ₹7,500",Taj Yeshwantpur,5-Star,Yeshwanthpur,,
86,Bengaluru,"Above ₹7,500",ITC Windsor,5-Star,Vasanth Nagar,,
87,Bengaluru,"Above ₹7,500",ITC Gardenia,5-Star,Residency Road / CBD,,
88,Bengaluru,"Above ₹7,500",The Leela Palace Bengaluru,5-Star,HAL / Old Airport Road,,
89,Bengaluru,"Above ₹7,500","The Ritz-Carlton, Bangalore",5-Star,Residency Road,,
90,Bengaluru,"Above ₹7,500",Four Seasons Hotel Bengaluru at Embassy ONE,5-Star,Hebbal / North Bengaluru,,
91,Hyderabad,Below - 3000,The Itihas Business Hotel,3-Star,Madhapur / HITEC City,,
92,Hyderabad,Below - 3000,Oak Business Hotel,3-Star,Kondapur / Gachibowli,,
93,Hyderabad,Below - 3000,Westside Hotel Hyderabad,3-Star,HITEC City,,
94,Hyderabad,Below - 3000,Sunrise Business Hotel,3-Star,Sanjeeva Reddy Nagar,,
95,Hyderabad,Below - 3000,Swan Suites Gachibowli,3-Star,Gachibowli,,
96,Hyderabad,Below - 3000,FabHotel Smart – Citizens Specialty Hospital,3-Star,Nallagandla,,
97,Hyderabad,Below - 3000,Hotel Imperial Classic,3-Star,Himayat Nagar,,
98,Hyderabad,Below - 3000,Monday Hotels HITEC City,3-Star,HITEC City,,
99,Hyderabad,Below - 3000,Destino by Monday Hotels,3-Star,Gachibowli,,
100,Hyderabad,Below - 3000,Royalton Hotel,3-Star,Abids / Central Hyderabad,,
101,Hyderabad,"₹3,000 – ₹7,500",Hotel Deccan Serai Grande,4-Star,Gachibowli,,
102,Hyderabad,"₹3,000 – ₹7,500","Red Fox by Lemon Tree Hotels, Hyderabad",3-Star,HITEC City,,
103,Hyderabad,"₹3,000 – ₹7,500","Holiday Inn Express Hyderabad Hitec City, an IHG Hotel",3-Star,HITEC City,,
104,Hyderabad,"₹3,000 – ₹7,500","Lemon Tree Hotel, Gachibowli",4-Star,Gachibowli,,
105,Hyderabad,"₹3,000 – ₹7,500","Lemon Tree Premier, HITEC City",4-Star,HITEC City / Madhapur,,
106,Hyderabad,"₹3,000 – ₹7,500",Grand Continent Gachibowli,3-Star,Gachibowli,,
107,Hyderabad,"₹3,000 – ₹7,500",Ellaa Hotel,4-Star,Gachibowli,,
108,Hyderabad,"₹3,000 – ₹7,500",Ibis Hyderabad HITEC City,3-Star,HITEC City,,
109,Hyderabad,"₹3,000 – ₹7,500",Deccan Serai Hotel,4-Star,HITEC City / Gachibowli,,
110,Hyderabad,"₹3,000 – ₹7,500",Serenity Inn La Vista,3-Star,HITEC City,,
111,Hyderabad,"Above ₹7,500","Trident, Hyderabad",5-Star,HITEC City / Madhapur,,
112,Hyderabad,"Above ₹7,500",Radisson Hotel Hyderabad Hitec City,5-Star,Gachibowli,,
113,Hyderabad,"Above ₹7,500",The Westin Hyderabad Mindspace,5-Star,HITEC City,,
114,Hyderabad,"Above ₹7,500",Avasa,5-Star,HITEC City,,
115,Hyderabad,"Above ₹7,500",Hyderabad Marriott Hotel & Convention Centre,5-Star,Tank Bund / Central Hyderabad,,
116,Hyderabad,"Above ₹7,500",Courtyard by Marriott Hyderabad,5-Star,Tank Bund / Central Hyderabad,,
117,Hyderabad,"Above ₹7,500",ITC Kohenur,5-Star,Madhapur / HITEC City,,
118,Hyderabad,"Above ₹7,500",Novotel Hyderabad Convention Centre,5-Star,HITEC City / Kondapur,,
119,Hyderabad,"Above ₹7,500",Park Hyatt Hyderabad,5-Star,Banjara Hills,,
120,Hyderabad,"Above ₹7,500",Hyderabad Marriott Executive Apartments,5-Star / Serviced Apartments,Gachibowli,,
121,Chennai,Below - 3000,Kans One,3-Star,Kodambakkam,,
122,Chennai,Below - 3000,Hotel Ashok Residency,3-Star,Porur,,
123,Chennai,Below - 3000,Treebo Flora Embassy,3-Star,Thousand Lights,,
124,Chennai,Below - 3000,Grand Parkway,3-Star,Tambaram,,
125,Chennai,Below - 3000,Sand Silver Business Hotel,3-Star,Chennai Central / Periamet,,
126,Chennai,Below - 3000,4U Business Class Hotel,3-Star,Chennai Central,,
127,Chennai,Below - 3000,Arunaa Inn,3-Star,Chennai Airport,,
128,Chennai,Below - 3000,UPAR Hotels – T Nagar,3-Star,T. Nagar,,
129,Chennai,Below - 3000,Perfect Stay – Kovilambakkam,3-Star,Kovilambakkam / OMR corridor,,
130,Chennai,Below - 3000,AL Noor Residency,3-Star,Parry's Corner,,
131,Chennai,"₹3,000 – ₹7,500",Ginger Chennai OMR,3-Star,OMR / Navalur,,
132,Chennai,"₹3,000 – ₹7,500",ibis Chennai OMR,3-Star,Sholinganallur / OMR,,
133,Chennai,"₹3,000 – ₹7,500",Holiday Inn Express Chennai OMR,3-Star,Thoraipakkam / OMR,,
134,Chennai,"₹3,000 – ₹7,500",Hablis – A Business Hotel,4-Star,Guindy,,
135,Chennai,"₹3,000 – ₹7,500","Lemon Tree Hotel, Shimona Chennai",4-Star,Manapakkam,,
136,Chennai,"₹3,000 – ₹7,500",The Savera,4-Star,Mylapore,,
137,Chennai,"₹3,000 – ₹7,500",Raj Park Chennai,4-Star,Teynampet / Alwarpet,,
138,Chennai,"₹3,000 – ₹7,500",Saravana's Golden Fruits Business Suites,4-Star,T. Nagar,,
139,Chennai,"₹3,000 – ₹7,500",Regenta Central RS Chennai OMR SIPCOT,4-Star,Egattur / OMR,,
140,Chennai,"₹3,000 – ₹7,500",Pride Premier Chennai,4-Star,Kilpauk,,
141,Chennai,"Above ₹7,500",ITC Grand Chola,5-Star,Guindy / Mount Road,,
142,Chennai,"Above ₹7,500",The Leela Palace Chennai,5-Star,MRC Nagar / Adyar,,
143,Chennai,"Above ₹7,500",Taj Coromandel,5-Star,Nungambakkam,,
144,Chennai,"Above ₹7,500",Taj Connemara,5-Star,Central Chennai,,
145,Chennai,"Above ₹7,500",Hyatt Regency Chennai,5-Star,Teynampet,,
146,Chennai,"Above ₹7,500",Trident Chennai,5-Star,Chennai Airport / Meenambakkam,,
147,Chennai,"Above ₹7,500",The Park Chennai,5-Star,Nungambakkam / T. Nagar,,
148,Chennai,"Above ₹7,500",Courtyard by Marriott Chennai,5-Star,Teynampet / Anna Salai,,
149,Chennai,"Above ₹7,500",The Accord Metropolitan,5-Star,T. Nagar,,
150,Chennai,"Above ₹7,500","The Raintree, Anna Salai",5-Star,Teynampet,,
151,Pune,Below - 3000,Hotel Corporate Stay,3-Star,Baner,,
152,Pune,Below - 3000,Treebo Iris Executive,3-Star,Hinjewadi,,
153,Pune,Below - 3000,Z Express Isle of Life,3-Star,Hinjewadi,,
154,Pune,Below - 3000,FabHotel Gargi Residency,3-Star,Swargate / Municipal Colony,,
155,Pune,Below - 3000,Treebo Lime Light,3-Star,Chokhi Dhani / Wagholi side,,
156,Pune,Below - 3000,Treebo Park View,3-Star,Hadapsar,,
157,Pune,Below - 3000,Hotel Sahara,3-Star,Shivajinagar / Senapati Bapat Road,,
158,Pune,Below - 3000,Boutique Stay by One Tree,3-Star,Kharadi,,
159,Pune,Below - 3000,The Grand Imperial,3-Star,Narhe,,
160,Pune,Below - 3000,FabHotel Saffron Inn I,3-Star,Koregaon Park,,
161,Pune,"₹3,000 – ₹7,500","Lemon Tree Hotel, Hinjawadi, Pune",4-Star,Hinjewadi Phase 1,,
162,Pune,"₹3,000 – ₹7,500",ibis Pune Viman Nagar,3-Star,Viman Nagar,,
163,Pune,"₹3,000 – ₹7,500","Holiday Inn Express Pune Hinjewadi, an IHG Hotel",3-Star,Hinjewadi,,
164,Pune,"₹3,000 – ₹7,500",Royal Orchid Central Pune,4-Star,Kalyani Nagar,,
165,Pune,"₹3,000 – ₹7,500",Hotel Parc Estique,4-Star,Viman Nagar,,
166,Pune,"₹3,000 – ₹7,500",The Orchid Hotel Pune,5-Star,Balewadi,,
167,Pune,"₹3,000 – ₹7,500",Lemon Tree Premier Pune,4-Star,City Centre / Shivajinagar,,
168,Pune,"₹3,000 – ₹7,500",Hilton Garden Inn Pune Hinjawadi,4-Star,Hinjewadi,,
169,Pune,"₹3,000 – ₹7,500",Radisson Blu Pune Hinjawadi,5-Star,Hinjewadi Phase 1,,
170,Pune,"₹3,000 – ₹7,500",The Fern Habitat Pune,4-Star,Mundhwa / Kharadi,,
171,Pune,"Above ₹7,500",JW Marriott Hotel Pune,5-Star,Shivajinagar / Senapati Bapat Road,,
172,Pune,"Above ₹7,500","The Ritz-Carlton, Pune",5-Star,Yerawada / Airport Road,,
173,Pune,"Above ₹7,500",The Westin Pune Koregaon Park,5-Star,Koregaon Park,,
174,Pune,"Above ₹7,500",Conrad Pune by Hilton,5-Star,Sangamvadi / Bund Garden,,
175,Pune,"Above ₹7,500",Courtyard by Marriott Pune Hinjewadi,5-Star,Hinjewadi Phase 1,,
176,Pune,"Above ₹7,500",Marriott Suites Pune,5-Star,Mundhwa,,
177,Pune,"Above ₹7,500",Sheraton Grand Pune Bund Garden Hotel,5-Star,Bund Garden,,
178,Pune,"Above ₹7,500",Hyatt Regency Pune & Residences,5-Star,Viman Nagar,,
179,Pune,"Above ₹7,500",Hyatt Place Pune Hinjawadi,5-Star,Hinjewadi Phase 1,,
180,Pune,"Above ₹7,500",Four Points by Sheraton Hotel & Serviced Apartments,5-Star,Viman Nagar,,
181, Ahmedabad ,Below - 3000,Hotel Elysian Residency,3-Star,Shahibaug,,
182, Ahmedabad ,Below - 3000,Hotel Eldorado,3-Star,Navrangpura,,
183, Ahmedabad ,Below - 3000,Hotel Krios,3-Star,Navrangpura,,
184, Ahmedabad ,Below - 3000,Treebo Ambassador,3-Star,Navrangpura,,
185, Ahmedabad ,Below - 3000,Hotel Grand Ambience,3-Star,Lal Darwaja,,
186, Ahmedabad ,Below - 3000,Hotel Volga,3-Star,Lal Darwaja / Relief Road,,
187, Ahmedabad ,Below - 3000,The Cloud Hotel,3-Star,Sarkhej,,
188, Ahmedabad ,Below - 3000,Platinum Inn,3-Star,Paldi,,
189, Ahmedabad ,Below - 3000,Hotel Prime,3-Star,Navrangpura,,
190, Ahmedabad ,Below - 3000,Hotel Alishan,3-Star,Shahibaug,,
191, Ahmedabad ,"₹3,000 – ₹7,500",Four Points by Sheraton Ahmedabad,4-Star,Ellisbridge,,
192, Ahmedabad ,"₹3,000 – ₹7,500",Fortune Park Ahmedabad,4-Star,Ellisbridge,,
193, Ahmedabad ,"₹3,000 – ₹7,500","Lemon Tree Premier, The Atrium Ahmedabad",4-Star,Sabarmati Riverfront,,
194, Ahmedabad ,"₹3,000 – ₹7,500",The Fern Residency Ahmedabad,4-Star,Ellisbridge,,
195, Ahmedabad ,"₹3,000 – ₹7,500",Ramada by Wyndham Ahmedabad,4-Star,Prahlad Nagar / SG Highway,,
196, Ahmedabad ,"₹3,000 – ₹7,500",Novotel Ahmedabad,5-Star,SG Highway / Iscon Cross Road,,
197, Ahmedabad ,"₹3,000 – ₹7,500",Radisson Blu Hotel Ahmedabad,5-Star,Ambawadi,,
198, Ahmedabad ,"₹3,000 – ₹7,500",Crowne Plaza Ahmedabad City Centre,5-Star,Prahlad Nagar,,
199, Ahmedabad ,"₹3,000 – ₹7,500",The Ummed Ahmedabad,5-Star,Airport / Hansol,,
200, Ahmedabad ,"₹3,000 – ₹7,500",Wyndham Ahmedabad Shela,5-Star,Shela / SP Ring Road,,
201, Ahmedabad ,"Above ₹7,500","ITC Narmada, a Luxury Collection Hotel",5-Star,Vastrapur / SG Highway,,
202, Ahmedabad ,"Above ₹7,500",Hyatt Ahmedabad,5-Star,Vastrapur,,
203, Ahmedabad ,"Above ₹7,500",Hyatt Regency Ahmedabad,5-Star,Ashram Road,,
204, Ahmedabad ,"Above ₹7,500",Taj Skyline Ahmedabad,5-Star,Thaltej / SG Highway,,
205, Ahmedabad ,"Above ₹7,500",Le Méridien Ahmedabad,5-Star,Satellite,,
206, Ahmedabad ,"Above ₹7,500",Gateway Ahmedabad Sindhu Bhavan,5-Star,Bodakdev / Sindhu Bhavan Road,,
207, Ahmedabad ,"Above ₹7,500",The Hillock Ahmedabad,5-Star,Vaishnodevi Circle / SG Highway,,
208, Ahmedabad ,"Above ₹7,500",Courtyard by Marriott Ahmedabad,5-Star,Satellite,,
209, Ahmedabad ,"Above ₹7,500",Renaissance Ahmedabad Hotel,5-Star,SG Highway / Satellite,,
210, Ahmedabad ,"Above ₹7,500",Crowne Plaza Ahmedabad City Centre,5-Star,Prahlad Nagar,,
211,Kolkata,Below - 3000,Hotel Kanan Inn,3-Star,Dum Dum / Airport,,
212,Kolkata,Below - 3000,The Corporate,3-Star,Park Street / New Market,,
213,Kolkata,Below - 3000,FabHotel Prime Kzar Corporate,3-Star,Sealdah,,
214,Kolkata,Below - 3000,FabHotel Nest,3-Star,Park Street,,
215,Kolkata,Below - 3000,FabHotel Prime The Pavilion,3-Star,Airport / Dum Dum,,
216,Kolkata,Below - 3000,FabHotel Step Inn,3-Star,New Town,,
217,Kolkata,Below - 3000,The Panash Hotel & Banquets,3-Star,New Market / Esplanade,,
218,Kolkata,Below - 3000,Hotel Panasia Continental,3-Star,Bhowanipore,,
219,Kolkata,Below - 3000,Anandaloke Residency,3-Star,Belgachia / Kolkata Railway Station,,
220,Kolkata,Below - 3000,Hotel Radiant,3-Star,Park Circus,,
221,Kolkata,"₹3,000 – ₹7,500",Holiday Inn Express Kolkata Airport,3-Star,Dum Dum / Airport,,
222,Kolkata,"₹3,000 – ₹7,500",NORTHIN Corporate Hotel Kolkata Airport,3-Star,Dum Dum / Airport,,
223,Kolkata,"₹3,000 – ₹7,500",Fairfield by Marriott Kolkata,4-Star,New Town / Rajarhat,,
224,Kolkata,"₹3,000 – ₹7,500",The Westin Kolkata Rajarhat,5-Star,Rajarhat / New Town,,
225,Kolkata,"₹3,000 – ₹7,500",Monotel,4-Star,"Sector V, Salt Lake",,
226,Kolkata,"₹3,000 – ₹7,500",AltAir Boutique Hotel,4-Star,"Sector V, Salt Lake",,
227,Kolkata,"₹3,000 – ₹7,500",Hyatt Centric Ballygunge Kolkata,5-Star,Ballygunge,,
228,Kolkata,"₹3,000 – ₹7,500","Raajkutir, Kolkata – IHCL SeleQtions",4-Star,Kankurgachi,,
229,Kolkata,"₹3,000 – ₹7,500",Hotel Niharika,3-Star,Park Street,,
230,Kolkata,"₹3,000 – ₹7,500",Casa Broadway,3-Star,Gariahat,,
231,Kolkata,"Above ₹7,500",ITC Royal Bengal,5-Star,Tangra / EM Bypass,,
232,Kolkata,"Above ₹7,500",JW Marriott Hotel Kolkata,5-Star,Tangra / Central Kolkata,,
233,Kolkata,"Above ₹7,500",ITC Sonar,5-Star,EM Bypass / Tangra,,
234,Kolkata,"Above ₹7,500",Taj Bengal,5-Star,Alipore,,
235,Kolkata,"Above ₹7,500",The Oberoi Grand Kolkata,5-Star,New Market / Esplanade,,
236,Kolkata,"Above ₹7,500",The Westin Kolkata Rajarhat,5-Star,Rajarhat / New Town,,
237,Kolkata,"Above ₹7,500",Hyatt Regency Kolkata,5-Star,Salt Lake / Sector 3,,
238,Kolkata,"Above ₹7,500",The Park Hotel Kolkata,5-Star,Park Street,,
239,Kolkata,"Above ₹7,500",Vivanta Kolkata EM Bypass,5-Star,EM Bypass,,
240,Jaipur,"Above ₹7,500",Hyatt Centric Ballygunge Kolkata,5-Star,Ballygunge,,
241,Jaipur,Below - 3000,Red Fox by Lemon Tree Hotels,3-Star,Malviya Nagar / JLN Marg,,
242,Jaipur,Below - 3000,The Saneer – A Boutique Hotel,3-Star,JLN Marg / Jawahar Circle,,
243,Jaipur,Below - 3000,Hotel Kalyan,3-Star,Gopalbari / Bani Park,,
244,Jaipur,Below - 3000,Hotel Horizon – Pratap Nagar,3-Star,Pratap Nagar / Tonk Road,,
245,Jaipur,Below - 3000,Hotel Sahibs Corporate Inn,3-Star,Raja Park,,
246,Jaipur,Below - 3000,FabHotel Prime Sapphire Inn,3-Star,Mansarovar,,
247,Jaipur,Below - 3000,FabHotel Bohra International,3-Star,Jaipur Railway Station,,
248,Jaipur,Below - 3000,FabHotel Jaipur Villa,3-Star,Vaishali Nagar,,
249,Jaipur,Below - 3000,The Hotel Hill View,3-Star,Malviya Nagar,,
250,Jaipur,Below - 3000,Hotel Aksh Inn,3-Star,Tonk Road / Sanganer,,
251,Jaipur,"₹3,000 – ₹7,500",Fairfield by Marriott Jaipur,3-Star,Bani Park,,
252,Jaipur,"₹3,000 – ₹7,500",Jaipur Marriott Hotel,5-Star,Tonk Road / Airport,,
253,Jaipur,"₹3,000 – ₹7,500",Hilton Jaipur,5-Star,Civil Lines / Hawa Sadak,,
254,Jaipur,"₹3,000 – ₹7,500",Radisson Jaipur City Center,5-Star,MI Road / Sindhi Camp,,
255,Jaipur,"₹3,000 – ₹7,500",Holiday Inn Jaipur City Centre,5-Star,C-Scheme,,
256,Jaipur,"₹3,000 – ₹7,500",Hyatt Place Jaipur Malviya Nagar,4-Star,Malviya Nagar,,
257,Jaipur,"₹3,000 – ₹7,500",Lemon Tree Premier Jaipur,4-Star,Bani Park,,
258,Jaipur,"₹3,000 – ₹7,500",Ramada by Wyndham Jaipur,5-Star,Raja Park,,
259,Jaipur,"₹3,000 – ₹7,500",Shahpura House,4-Star,Bani Park,,
260,Jaipur,"₹3,000 – ₹7,500",The Fern Residency Jaipur,4-Star,Adarsh Nagar,,
261,Jaipur,"Above ₹7,500",ITC Rajputana – A Luxury Collection Hotel,5-Star,Gopalbari / Palace Road,,
262,Jaipur,"Above ₹7,500",Fairmont Jaipur,5-Star,Kukas / Amer Road,,
263,Jaipur,"Above ₹7,500",The Leela Palace Jaipur,5-Star,Kukas / Amer,,
264,Jaipur,"Above ₹7,500",The Oberoi Rajvilas,5-Star,Goner Road,,
265,Jaipur,"Above ₹7,500",Rambagh Palace,5-Star,Rambagh,,
266,Jaipur,"Above ₹7,500",Jai Mahal Palace,5-Star,Civil Lines / Jacob Road,,
267,Jaipur,"Above ₹7,500",The Raj Palace,5-Star,Amer Road,,
268,Jaipur,"Above ₹7,500",Anantara Jewel Bagh Jaipur,5-Star,Sitapura,,
269,Jaipur,"Above ₹7,500",Le Méridien Jaipur Resort & Spa,5-Star,Kukas / Amer,,
270,Jaipur,"Above ₹7,500",Hyatt Regency Jaipur Mansarovar,5-Star,Mansarovar,,
,,,,,,,
271,Indore,Below - 3000,Hotel Meritel Grande,3-Star,Vijay Nagar,,
272,Indore,Below - 3000,Hotel Somdeep Palace,3-Star,Vijay Nagar,,
273,Indore,Below - 3000,Hotel Sonash by Golden Treat,3-Star,Indra Puri Colony,,
274,Indore,Below - 3000,Hotel Konark Inn,3-Star,Vijay Nagar,,
275,Indore,Below - 3000,Cosmopolitan Hotel,3-Star,Chhoti Gwaltoli / Railway Station,,
276,Indore,Below - 3000,FabHotel Prime Avenue,3-Star,Vijay Nagar,,
277,Indore,Below - 3000,FabHotel Imperial Regency,3-Star,Tukoganj,,
278,Indore,Below - 3000,FabHotel Bee Town,3-Star,AB Road,,
279,Indore,Below - 3000,Hotel Winway,3-Star,South Tukoganj,,
280,Indore,Below - 3000,Hotel Ashoka,3-Star,Vijay Nagar,,
281,Indore,"₹3,000 – ₹7,500",Hotel Shreemaya,4-Star,South Tukoganj,,
282,Indore,"₹3,000 – ₹7,500",Hotel Winway,3-Star,South Tukoganj,,
283,Indore,"₹3,000 – ₹7,500",Enrise by Sayaji Rau,4-Star,Rau,,
284,Indore,"₹3,000 – ₹7,500",Clarion Inn Indore,4-Star,Aurobindo / Ujjain Road,,
285,Indore,"₹3,000 – ₹7,500",South Avenue,4-Star,South Tukoganj,,
286,Indore,"₹3,000 – ₹7,500",Kyriad Hotel Indore,4-Star,Vijay Nagar,,
287,Indore,"₹3,000 – ₹7,500",Radisson RED Indore,5-Star,Vijay Nagar,,
288,Indore,"₹3,000 – ₹7,500",Radisson Blu Hotel Indore,5-Star,Vijay Nagar / Scheme 94,,
289,Indore,"₹3,000 – ₹7,500",Fairfield by Marriott Indore,5-Star,Vijay Nagar / Scheme 94,,
290,Indore,"₹3,000 – ₹7,500",Pride Plaza Indore,5-Star,Rau,,
291,Indore,"Above ₹7,500",Indore Marriott Hotel,5-Star,Vijay Nagar,,
292,Indore,"Above ₹7,500","WOW Crest, Indore – IHCL SeleQtions",5-Star,Vijay Nagar,,
293,Indore,"Above ₹7,500",The Park Indore,5-Star,Vijay Nagar / MR-10,,
294,Indore,"Above ₹7,500",Sheraton Grand Palace Indore,5-Star,Super Corridor / Bicholi,,
295,Indore,"Above ₹7,500",Brilliant Hotel & Convention Centre,5-Star,Vijay Nagar / Scheme 78,,
296,Indore,"Above ₹7,500",Sayaji Indore,5-Star,Vijay Nagar,,
297,Indore,"Above ₹7,500",Radisson Blu Hotel Indore,5-Star,Vijay Nagar / Scheme 94,,
298,Indore,"Above ₹7,500",Pride Plaza Indore,5-Star,Rau,,
299,Indore,"Above ₹7,500",Radisson RED Indore,5-Star,Vijay Nagar,,
300,Indore,"Above ₹7,500",Effotel by Sayaji Indore,4-Star,Vijay Nagar / Scheme 94,,