vendorId,iata,title,terminal,direction,directionUsed,security,searchAirport,searchAvailableCount,searchTerminalSide,carousel,carouselProductTitle,carouselOption,priceInr
C10632,NNG,NanYu Wuwei International Airport(T2),Terminal 2,Departure,Departure,Post-security,AVAILABLE,1,MATCH,AVAILABLE,NanYu Wuwei International Airport(T2),Terminal 2 | Departure | Post security,1123.2
C10812,DAD,Da Nang International Airport-International Arrival,Terminal 2,International Arrival,International Arrival,Post-security,AVAILABLE,3,MATCH,AVAILABLE,Da Nang International Airport-International Arrival,Terminal 2 | International Arrival | Post security,2745.6
C10811,DAD,Da Nang International Airport Domestic Departures,Terminal 1,Departure,Departure,Post-security,AVAILABLE,3,MATCH,AVAILABLE,Da Nang International Airport Domestic Departures,Terminal 1 | Departure | Post security,2496
C10810,HAN,Noi Bai International Airport- Domestic Arrival,Terminal 1,Arrival,Arrival,Post-security,AVAILABLE,4,MATCH,AVAILABLE,Noi Bai International Airport- Domestic Arrival,Terminal 1 | Arrival | Post security,1747.2
C10808,HAN,Noi Bai International Airport- Domestic Departure,Terminal 1,Departure,Departure,Pre-security,AVAILABLE,4,MATCH,AVAILABLE,Noi Bai International Airport- Domestic Departure,Terminal 1 | Departure | Pre security,2496
C10807,CXR,Cam Ranh International Airport-International Arrival,Terminal 2,International Arrival,International Arrival,Post-security,AVAILABLE,1,MATCH,AVAILABLE,Cam Ranh International Airport-International Arrival,Terminal 2 | International Arrival | Post security,2745.6
C10806,HAN,Noi Bai International Airport-International Arrival,Terminal 2,International Arrival,International Arrival,Post-security,AVAILABLE,4,MATCH,AVAILABLE,Noi Bai International Airport-International Arrival,Terminal 2 | International Arrival | Post security,2745.6
C10805,HAN,Noi Bai International Airport - International Departure,Terminal 2,International Departure,International Departure,Pre-security,AVAILABLE,4,MATCH,AVAILABLE,Noi Bai International Airport - International Departure,Terminal 2 | International Departure | Pre security,3993.6
C10804,CNX,Chiang Mai International Airport - Arrival,International Terminal,International Arrival,International Arrival,Pre-security,AVAILABLE,2,MATCH,AVAILABLE,Chiang Mai International Airport - Arrival,International Terminal | International Arrival | Pre security,2371.19
C10803,CNX,Chiang Mai International Airport - Departures,International Terminal,International Departure,International Departure,Pre-security,AVAILABLE,2,MATCH,AVAILABLE,Chiang Mai International Airport - Departures,International Terminal | International Departure | Pre security,2371.19
C10190,NKG,Lukou International Airport(Terminal 1)Domestic Departure,Terminal 1,Departure,Departure,Pre-security,AVAILABLE,2,MATCH,AVAILABLE,Lukou International Airport(Terminal 1)Domestic Departure,Terminal 1 | Departure | Pre security,499.2
C10071,CKG,"Jiangbei International Airport(Terminal 3),Domestic Departure",Terminal 3,Departure,Departure,Pre-security,AVAILABLE,2,MATCH,AVAILABLE,"Jiangbei International Airport(Terminal 3),Domestic Departure",Terminal 3 | Departure | Pre security,499.2
C10181,NGB,Lishe International Airport(Terminal 2)Domestic Departure,Terminal 2,Departure,Departure,Pre-security,AVAILABLE,1,MATCH,AVAILABLE,Lishe International Airport(Terminal 2)Domestic Departure,Terminal 2 | Departure | Pre security,748.8
C10299,LGW,London Gatwick Airport(North Terminal)International Departure,North Terminal,International Departure,International Departure,Pre-security,AVAILABLE,2,MATCH,AVAILABLE,London Gatwick Airport(North Terminal)International Departure,North Terminal | International Departure | Pre security,1123.2
C10298,GLA,Glasgow Airport(Main terminal)International Departure,Main Terminal,International Departure,International Departure,Post-security,AVAILABLE,1,MATCH,AVAILABLE,Glasgow Airport(Main terminal)International Departure,Main Terminal | International Departure | Post security,1248
C10296,ABZ,Aberdeen Airport(Main terminal)International Departure,Main Terminal,International Departure,International Departure,Pre-security,AVAILABLE,1,MATCH,AVAILABLE,Aberdeen Airport(Main terminal)International Departure,Main Terminal | International Departure | Pre security,748.8
C10295,NCE,Nice Airport(Terminal 2)International Departure,Terminal 2,International Departure,International Departure,Pre-security,AVAILABLE,2,MATCH,AVAILABLE,Nice Airport(Terminal 2)International Departure,Terminal 2 | International Departure | Pre security,1747.2
C10294,NCE,Nice Airport(Terminal 1)International Departure,Terminal 1,International Departure,International Departure,Pre-security,AVAILABLE,2,MATCH,AVAILABLE,Nice Airport(Terminal 1)International Departure,Terminal 1 | International Departure | Pre security,1747.2
C10292,CRL,Brussels South Charleroi Airport(Terminal 2)Domestic Departure,Terminal 2,International Departure,International Departure,Post-security,AVAILABLE,2,MATCH,AVAILABLE,Brussels South Charleroi Airport(Terminal 2)Domestic Departure,Terminal 2 | International Departure | Post security,1123.2
C10291,CRL,Brussels South Charleroi Airport(Terminal 1)Domestic Departure,Terminal 1,International Departure,International Departure,Post-security,AVAILABLE,2,MATCH,AVAILABLE,Brussels South Charleroi Airport(Terminal 1)Domestic Departure,Terminal 1 | International Departure | Post security,1123.2
C10068,PEK,"Beijing Capital International Airport(Terminal 3),Domestic Departure",Terminal 3,Departure,Departure,Pre-security,AVAILABLE,2,MATCH,AVAILABLE,"Beijing Capital International Airport(Terminal 3),Domestic Departure",Terminal 3 | Departure | Pre security,624
C10287,PKX,Beijing Daxing International Airport(Main terminal)Domestic Departure,Main Terminal,Departure,Departure,Pre-security,AVAILABLE,2,MATCH,AVAILABLE,Beijing Daxing International Airport(Main terminal)Domestic Departure,Main Terminal | Departure | Pre security,748.8
C10059,NKG,Lukou International Airport,Terminal 2,Departure,Departure,Pre-security,AVAILABLE,2,MATCH,AVAILABLE,Lukou International Airport,Terminal 2 | Departure | Pre security,499.2
C10051,INC,"Hedong International Airport,Domestic Departure",Terminal 3,Departure,Departure,Pre-security,AVAILABLE,1,MATCH,AVAILABLE,"Hedong International Airport,Domestic Departure",Terminal 3 | Departure | Pre security,748.8
C10272,BGY,Milan Bergamo Orio al Serio International Airport(Main terminal)International Departure,Terminal 1,International Departure,International Departure,Pre-security,AVAILABLE,1,MATCH,AVAILABLE,Milan Bergamo Orio al Serio International Airport(Main terminal)International Departure,Terminal 1 | International Departure | Pre security,1123.2
C10270,MXP,Milan Malpensa Airport(Terminal 1)International Departure,Terminal 1,International Departure,International Departure,Pre-security,AVAILABLE,2,MATCH,AVAILABLE,Milan Malpensa Airport(Terminal 1)International Departure,Terminal 1 | International Departure | Pre security,1248
C10495,HKT,Phuket International Airport (International Terminal),International Terminal,International Arrival,International Arrival,Post-security,AVAILABLE,2,MATCH,AVAILABLE,Phuket International Airport (International Terminal),International Terminal | International Arrival | Post security,2745.6
C10269,LIN,Milan Linate Airport (Main terminal)International Departure,Main Terminal,International Departure,International Departure,Pre-security,AVAILABLE,1,MATCH,AVAILABLE,Milan Linate Airport (Main terminal)International Departure,Main Terminal | International Departure | Pre security,1248
C10379,CIA,Rome Ciampino Airport(Main Terminal)International Departure,Main Terminal,International Departure,International Departure,Pre-security,AVAILABLE,1,MATCH,AVAILABLE,Rome Ciampino Airport(Main Terminal)International Departure,Main Terminal | International Departure | Pre security,1123.2
C10481,IST,Istanbul Airport,Main Terminal,International Departure|Departure,International Departure,Pre-security,AVAILABLE,3,MATCH,AVAILABLE,Istanbul Airport - Depratures,Main Terminal | International Departure | Pre security,2745.6
C10598,PMO,Falcone - Borsellino Airport(Main Terminal)International Departure,Main Terminal,International Departure,International Departure,Pre-security,AVAILABLE,1,MATCH,AVAILABLE,Falcone - Borsellino Airport(Main Terminal)International Departure,Main Terminal | International Departure | Pre security,748.8
C10597,BRU,Brussels Airport(Terminal B)International Departure,Terminal B,International Departure,International Departure,Pre-security,AVAILABLE,2,MATCH,AVAILABLE,Brussels Airport(Terminal B)International Departure,Terminal B | International Departure | Pre security,1747.2
C10596,BRU,Brussels Airport(Terminal A)International Departure,Terminal A,International Departure,International Departure,Pre-security,AVAILABLE,2,MATCH,AVAILABLE,Brussels Airport(Terminal A)International Departure,Terminal A | International Departure | Pre security,1747.2
C10585,MAN,Manchester International Airport (Terminal 3) International Departure,Terminal 3,International Departure,International Departure,Post-security,AVAILABLE,2,MATCH,AVAILABLE,Manchester International Airport (Terminal 3) International Departure,Terminal 3 | International Departure | Post security,1123.2
C10023,TNA,"Yaoqiang International Airport(Main Terminal),Domestic Departure",Main Terminal,Departure,Departure,Pre-security,AVAILABLE,1,MATCH,AVAILABLE,"Yaoqiang International Airport(Main Terminal),Domestic Departure",Main Terminal | Departure | Pre security,873.6
C10587,EMA,East Midlands Airport (Main Terminal) International Departure,Main Terminal,International Departure,International Departure,Post-security,AVAILABLE,1,MATCH,AVAILABLE,East Midlands Airport (Main Terminal) International Departure,Main Terminal | International Departure | Post security,1123.2
C10586,STN,London Stansted Airport (Main Terminal) International Departure,Main Terminal,International Departure,International Departure,Post-security,AVAILABLE,1,MATCH,AVAILABLE,London Stansted Airport (Main Terminal) International Departure,Main Terminal | International Departure | Post security,1497.6
C10134,WUH,Tianhe International Airport(Terminal 3)Domestic Departure,Terminal 3,Departure,Departure,Pre-security,AVAILABLE,3,MATCH,AVAILABLE,Tianhe International Airport(Terminal 3)Domestic Departure,Terminal 3 | Departure | Pre security,1123.2
C10135,WUH,Tianhe International Airport(Terminal 3)Domestic Departure,Terminal 3,Departure,Departure,Pre-security,AVAILABLE,3,MATCH,AVAILABLE,Tianhe International Airport(Terminal 3)Domestic Departure,Terminal 3 | Departure | Pre security,1123.2
C10584,MAN,Manchester International Airport (Terminal 2) International Departure,Terminal 2,International Departure,International Departure,Post-security,AVAILABLE,2,MATCH,AVAILABLE,Manchester International Airport (Terminal 2) International Departure,Terminal 2 | International Departure | Post security,1123.2
C10693,SZX,ShenZhen BaoAn International Airport(T3),Terminal 3,Departure,Departure,Pre-security,AVAILABLE,1,MATCH,AVAILABLE,ShenZhen BaoAn International Airport(T3),Terminal 3 | Departure | Pre security,748.8
C10692,HEL,Helsinki Airport,Main Terminal,International Departure,International Departure,Pre-security,AVAILABLE,1,MATCH,AVAILABLE,Helsinki Airport,Main Terminal | International Departure | Pre security,1123.2
C10012,CGO,"Xinzheng International Airport(Terminal 2),Domestic Departure",Terminal 2,Departure,Departure,Pre-security,AVAILABLE,1,MATCH,AVAILABLE,"Xinzheng International Airport(Terminal 2),Domestic Departure",Terminal 2 | Departure | Pre security,873.6
C10682,MAD,Adolfo Suarez Madrid-Barajas Airport,Terminal 2,International Departure,International Departure,Pre-security,AVAILABLE,2,MATCH,AVAILABLE,Adolfo Suarez Madrid-Barajas Airport,Terminal 2 | International Departure | Pre security,2620.8
C10681,MAD,Adolfo Suarez Madrid-Barajas Airport,Terminal 1,International Departure,International Departure,Pre-security,AVAILABLE,2,MATCH,AVAILABLE,Adolfo Suarez Madrid-Barajas Airport,Terminal 1 | International Departure | Pre security,2620.8
C10799,KWI,Kuwait International Airport - Arrivals,Terminal 1,International Arrival|Arrival,,Post-security,NOT FOUND,0,N/A,NO AIRPORT ID,,,
C10798,ASW,Aswan International Airport - Arrivals,Main Terminal,International Arrival|Arrival,International Arrival,Post-security,AVAILABLE,2,MATCH,AVAILABLE,Aswan International Airport - Arrivals,Main Terminal | International Arrival | Post security,4492.8
C10797,DBB,El Alamein International Airport - Arrivals,Main Terminal,International Arrival|Arrival,International Arrival,Post-security,AVAILABLE,2,MATCH,AVAILABLE,El Alamein International Airport - Arrivals,Main Terminal | International Arrival | Post security,4492.8
C10795,LXR,Luxor International Airport - Arrivals,Main Terminal,International Arrival|Arrival,International Arrival,Post-security,AVAILABLE,2,MATCH,AVAILABLE,Luxor International Airport - Arrivals,Main Terminal | International Arrival | Post security,3744
C10794,HBE,Borg El Arab International Airport - Arrivals,Terminal 2,International Arrival|Arrival,International Arrival,Post-security,AVAILABLE,4,MATCH,AVAILABLE,Borg El Arab International Airport - Arrivals,Terminal 2 | International Arrival | Post security,4492.8
C10793,SPX,Sphinx International Airport - Arrivals,Main Terminal,International Arrival|Arrival,International Arrival,Post-security,AVAILABLE,2,MATCH,AVAILABLE,Sphinx International Airport - Arrivals,Main Terminal | International Arrival | Post security,3744
C10008,KWL,"Liangjiang International Airport(Main Terminal),Domestic Departure",Terminal 2,Departure,Departure,Pre-security,AVAILABLE,1,MATCH,AVAILABLE,"Liangjiang International Airport(Main Terminal),Domestic Departure",Terminal 2 | Departure | Pre security,499.2
C10792,HBE,Borg El Arab International Airport - Arrivals,Terminal 1,International Arrival|Arrival,International Arrival,Post-security,AVAILABLE,4,MATCH,AVAILABLE,Borg El Arab International Airport - Arrivals,Terminal 1 | International Arrival | Post security,4492.8
C10791,RMF,Marsa Alam International Airport - Arrivals,Main Terminal,International Arrival|Arrival,International Arrival,Post-security,AVAILABLE,2,MATCH,AVAILABLE,Marsa Alam International Airport - Arrivals,Main Terminal | International Arrival | Post security,4492.8
C10790,HRG,Hurghada International Airport - Arrivals,Terminal 2,International Arrival|Arrival,International Arrival,Post-security,AVAILABLE,2,MATCH,AVAILABLE,Hurghada International Airport - Arrivals,Terminal 2 | International Arrival | Post security,4492.8
C10229,VLC,Valencia Airport(Main Terminal)International Departure,Main Terminal,International Departure,International Departure,Pre-security,AVAILABLE,1,MATCH,AVAILABLE,Valencia Airport(Main Terminal)International Departure,Main Terminal | International Departure | Pre security,1622.4
C10228,TFS,Tenerife South Airport(Main Terminal)International Departure,Main Terminal,International Departure,International Departure,Pre-security,AVAILABLE,1,MATCH,AVAILABLE,Tenerife South Airport(Main Terminal)International Departure,Main Terminal | International Departure | Pre security,1497.6
C10227,LPA,Gran Canaria Airport(Main Terminal)International Departure,Main Terminal,International Departure,International Departure,Pre-security,AVAILABLE,1,MATCH,AVAILABLE,Gran Canaria Airport(Main Terminal)International Departure,Main Terminal | International Departure | Pre security,1497.6
C10226,PMI,Palma de Mallorca Airport(Main Terminal)International Departure,Main Terminal,International Departure,International Departure,Pre-security,AVAILABLE,1,MATCH,AVAILABLE,Palma de Mallorca Airport(Main Terminal)International Departure,Main Terminal | International Departure | Pre security,1622.4
C10224,AGP,Malaga Airport International Departure,Terminal 3,International Departure,International Departure,Pre-security,AVAILABLE,1,MATCH,AVAILABLE,Malaga Airport International Departure,Terminal 3 | International Departure | Pre security,1622.4
C10221,BCN,Barcelona-El Prat Airport(Terminal 2B)International Departure,Terminal 2,International Departure,International Departure,Pre-security,AVAILABLE,2,MATCH,AVAILABLE,Barcelona-El Prat Airport(Terminal 2B)International Departure,Terminal 2 | International Departure | Pre security,1747.2
C10672,LBA,Leeds Bradford International Airport,Main Terminal,Departure,Departure,Pre-security,AVAILABLE,1,MATCH,AVAILABLE,Leeds Bradford International Airport,Main Terminal | Departure | Pre security,1497.6
C10220,BCN,Barcelona-El Prat Airport(Terminal 1)International Departure,Terminal 1,International Departure,International Departure,Pre-security,AVAILABLE,2,MATCH,AVAILABLE,Barcelona-El Prat Airport(Terminal 1)International Departure,Terminal 1 | International Departure | Pre security,1747.2
C10671,BRS,Bristol Airport,Main Terminal,Departure,Departure,Pre-security,AVAILABLE,1,MATCH,AVAILABLE,Bristol Airport,Main Terminal | Departure | Pre security,1248
C10789,HRG,Hurghada International Airport - Arrivals,Terminal 1,International Arrival|Arrival,International Arrival,Post-security,AVAILABLE,2,MATCH,AVAILABLE,Hurghada International Airport - Arrivals,Terminal 1 | International Arrival | Post security,4492.8
C10788,SSH,Sharm El Sheikh International Airport - Arrivals,Terminal 2,International Arrival|Arrival,International Arrival,Post-security,AVAILABLE,3,MATCH,AVAILABLE,Sharm El Sheikh International Airport - Arrivals,Terminal 2 | International Arrival | Post security,4492.8
C10787,SSH,Sharm El Sheikh International Airport - Arrivals,Terminal 1,International Arrival|Arrival,International Arrival,Post-security,AVAILABLE,3,MATCH,AVAILABLE,Sharm El Sheikh International Airport - Arrivals,Terminal 1 | International Arrival | Post security,4492.8
C10784,KWI,Kuwait International Airport - Departures,Terminal 1,International Departure|Departure,,Post-security,NOT FOUND,0,N/A,NO AIRPORT ID,,,
C10783,ASW,Aswan International Airport - Departures,Main Terminal,International Departure|Departure,International Departure,Post-security,AVAILABLE,2,MATCH,AVAILABLE,Aswan International Airport - Departures,Main Terminal | International Departure | Post security,4492.8
C10782,DBB,El Alamein International Airport - Departures,Main Terminal,International Departure|Departure,International Departure,Pre-security,AVAILABLE,2,MATCH,AVAILABLE,El Alamein International Airport - Departures,Main Terminal | International Departure | Pre security,4492.8
C10780,LXR,Luxor International Airport - Departures,Main Terminal,International Departure|Departure,International Departure,Pre-security,AVAILABLE,2,MATCH,AVAILABLE,Luxor International Airport - Departures,Main Terminal | International Departure | Pre security,3744
C10219,ALC,Alicante-Elche Airport(Main Terminal)International Departure,Main Terminal,International Departure,International Departure,Post-security,AVAILABLE,1,MATCH,AVAILABLE,Alicante-Elche Airport(Main Terminal)International Departure,Main Terminal | International Departure | Post security,1622.4
C10218,LCG,A Coruna Airport(Main Terminal)International Departure,Main Terminal,International Departure,International Departure,Pre-security,AVAILABLE,1,MATCH,AVAILABLE,A Coruna Airport(Main Terminal)International Departure,Main Terminal | International Departure | Pre security,1622.4
C10551,WUS,WuYiShan Airport(T1),Main Terminal,Departure,Departure,Pre-security,AVAILABLE,1,MATCH,AVAILABLE,WuYiShan Airport(T1),Main Terminal | Departure | Pre security,748.8
C10669,NCL,Newcastle Airport(Main Terminal)Domestic Departure,Main Terminal,Departure,Departure,Pre-security,AVAILABLE,1,MATCH,AVAILABLE,Newcastle Airport(Main Terminal)Domestic Departure,Main Terminal | Departure | Pre security,1497.6
C10667,VIE,Vienna International Airport(Terminal 3)Domestic Departure,Terminal 3,International Departure|Departure,International Departure,Pre-security,AVAILABLE,1,MATCH,AVAILABLE,Vienna International Airport(Terminal 3)Domestic Departure,Terminal 3 | International Departure | Pre security,1372.8
C10779,HBE,Borg El Arab International Airport - Departures,Terminal 2,International Departure|Departure,International Departure,Post-security,AVAILABLE,4,MATCH,AVAILABLE,Borg El Arab International Airport - Departures,Terminal 2 | International Departure | Post security,4492.8
C10778,SPX,Sphinx International Airport - Departures,Main Terminal,International Departure|Departure,International Departure,Post-security,AVAILABLE,2,MATCH,AVAILABLE,Sphinx International Airport - Departures,Main Terminal | International Departure | Post security,3744
C10777,HBE,Borg El Arab International Airport - Departures,Terminal 1,International Departure|Departure,International Departure,Post-security,AVAILABLE,4,MATCH,AVAILABLE,Borg El Arab International Airport - Departures,Terminal 1 | International Departure | Post security,4492.8
C10776,RMF,Marsa Alam International Airport - Departures,Main Terminal,International Departure|Departure,International Departure,Pre-security,AVAILABLE,2,MATCH,AVAILABLE,Marsa Alam International Airport - Departures,Main Terminal | International Departure | Pre security,4492.8
C10773,SSH,Sharm El Sheikh International Airport - Departures,Terminal 2,International Departure|Departure,International Departure,Pre-security,AVAILABLE,3,MATCH,AVAILABLE,Sharm El Sheikh International Airport - Departures,Terminal 2 | International Departure | Pre security,4492.8
C10770,DOH,Hamad International Airport - Departures,Main Terminal,International Departure,International Departure,Pre-security,AVAILABLE,2,MATCH,AVAILABLE,Hamad International Airport - Departures,Main Terminal | International Departure | Pre security,3369.6
C10431,MRS,Marseille Provence Airport,Terminal 2,International Departure,International Departure,Pre-security,AVAILABLE,4,MATCH,AVAILABLE,Marseille Provence Airport,Terminal 2 | International Departure | Pre security,624
C10430,MRS,Marseille Provence Airport,Terminal 1,Departure,Departure,Pre-security,AVAILABLE,4,MATCH,AVAILABLE,Marseille Provence Airport,Terminal 1 | Departure | Pre security,624
C10769,DOH,Hamad International Airport - Arrivals,Main Terminal,International Arrival,International Arrival,Post-security,AVAILABLE,2,MATCH,AVAILABLE,Hamad International Airport - Arrivals,Main Terminal | International Arrival | Post security,3369.6
C10765,CGB,Cuiabá International Airport - Marechal Rondon,Main Terminal,Departure,Departure,Pre-security,AVAILABLE,1,MATCH,AVAILABLE,Cuiabá International Airport - Marechal Rondon,Main Terminal | Departure | Pre security,1497.6
C10764,MED,Prince Mohammad bin Abdulaziz International Airport,Main Terminal,International Departure,International Departure,Pre-security,AVAILABLE,1,MATCH,AVAILABLE,Prince Mohammad bin Abdulaziz International Airport,Main Terminal | International Departure | Pre security,2371.19
C10429,MRS,Marseille Provence Airport,Terminal 1,International Departure,International Departure,Pre-security,AVAILABLE,4,MATCH,AVAILABLE,Marseille Provence Airport,Terminal 1 | International Departure | Pre security,624
C10762,MCT,Muscat International Airport - Departures,Main Terminal,International Departure,International Departure,Pre-security,AVAILABLE,1,MATCH,AVAILABLE,Muscat International Airport - Departures,Main Terminal | International Departure | Pre security,3868.8
C10428,MRS,Marseille Provence Airport,Terminal 1,International Departure,International Departure,Pre-security,AVAILABLE,4,MATCH,AVAILABLE,Marseille Provence Airport,Terminal 1 | International Departure | Pre security,624
C10422,SAW,Sabiha Gokcen International Airport,Main Terminal,International Arrival,International Arrival,Post-security,AVAILABLE,3,MATCH,AVAILABLE,Sabiha Gokcen International Airport,Main Terminal | International Arrival | Post security,1372.8
C10421,SAW,Sabiha Gokcen International Airport,Main Terminal,International Departure,International Departure,Pre-security,AVAILABLE,3,MATCH,AVAILABLE,Sabiha Gokcen International Airport,Main Terminal | International Departure | Pre security,1372.8
C10420,SAW,Sabiha Gokcen International Airport,Main Terminal,Departure,Departure,Post-security,AVAILABLE,3,MATCH,AVAILABLE,Sabiha Gokcen International Airport,Main Terminal | Departure | Post security,1372.8
C10309,VNO,Vilnius Airport(Main Terminal)International Departure,Main Terminal,International Departure,International Departure,Pre-security,AVAILABLE,1,MATCH,AVAILABLE,Vilnius Airport(Main Terminal)International Departure,Main Terminal | International Departure | Pre security,1123.2
C10641,FUG,FuYang XiGuan Airport(Main Terminal),Main Terminal,Departure,Departure,Pre-security,AVAILABLE,1,MATCH,AVAILABLE,FuYang XiGuan Airport(Main Terminal),Main Terminal | Departure | Pre security,499.2
C10759,BJV,Milas International Airport - Arrivals,Main Terminal,International Arrival,International Arrival,Post-security,AVAILABLE,2,MATCH,AVAILABLE,Milas International Airport - Arrivals,Main Terminal | International Arrival | Post security,2745.6
C10307,RIX,Riga International Airport(Main Terminal)International Departure,Main Terminal,International Departure,International Departure,Pre-security,AVAILABLE,1,MATCH,AVAILABLE,Riga International Airport(Main Terminal)International Departure,Main Terminal | International Departure | Pre security,1747.2
C10758,BJV,Milas International Airport - Departures,Main Terminal,International Departure,International Departure,Post-security,AVAILABLE,2,MATCH,AVAILABLE,Milas International Airport - Departures,Main Terminal | International Departure | Post security,3120
C10757,ESB,Esenboğa International Airport,Main Terminal,International Departure,International Departure,Pre-security,AVAILABLE,1,MATCH,AVAILABLE,Esenboğa International Airport,Main Terminal | International Departure | Pre security,2745.6
C10305,NAP,Naples International Airport(Main terminal)International Departure,Terminal 1,Departure,Departure,Post-security,AVAILABLE,1,MATCH,AVAILABLE,Naples International Airport(Main terminal)International Departure,Terminal 1 | Departure | Post security,1248
C10304,FCO,Rome Fiumicino Airport,Terminal 1,International Departure,International Departure,Post-security,AVAILABLE,1,MATCH,AVAILABLE,Rome Fiumicino Airport,Terminal 1 | International Departure | Post security,1123.2
C10302,LTN,London Luton Airport(Main terminal)International Departure,Main Terminal,International Departure,International Departure,Post-security,AVAILABLE,1,MATCH,AVAILABLE,London Luton Airport(Main terminal)International Departure,Main Terminal | International Departure | Post security,1123.2
C10301,LPL,Liverpool John Lennon Airport(Main terminal)International Departure,Main Terminal,International Departure,International Departure,Post-security,AVAILABLE,1,MATCH,AVAILABLE,Liverpool John Lennon Airport(Main terminal)International Departure,Main Terminal | International Departure | Post security,873.6
C10300,LGW,London Gatwick Airport(South Terminal)International Departure,South Terminal,International Departure,International Departure,Post-security,AVAILABLE,2,MATCH,AVAILABLE,London Gatwick Airport(South Terminal)International Departure,South Terminal | International Departure | Post security,873.6
C10414,SOU,Southampton Airport(Main Terminal)International Departure,Main Terminal,International Departure,International Departure,Post-security,AVAILABLE,1,MATCH,AVAILABLE,Southampton Airport(Main Terminal)International Departure,Main Terminal | International Departure | Post security,748.8
C10639,VCE,"Marco Polo International Airport Main Terminal, International Departures",Main Terminal,International Departure,International Departure,Post-security,AVAILABLE,1,MATCH,AVAILABLE,"Marco Polo International Airport Main Terminal, International Departures",Main Terminal | International Departure | Post security,1248
C10633,TAO,QingDao JiaoDong International Airport(T1),Main Terminal,Departure,Departure,Post-security,AVAILABLE,1,MATCH,AVAILABLE,QingDao JiaoDong International Airport(T1),Main Terminal | Departure | Post security,748.8
C10746,EVN,Zvartnots International Airport Departures,Main Terminal,International Departure,International Departure,Post-security,AVAILABLE,2,MATCH,AVAILABLE,Zvartnots International Airport Departures,Main Terminal | International Departure | Post security,2246.4
C10745,AUH,Zayed International Airport,Terminal A,International Departure|Departure,International Departure,Post-security,AVAILABLE,2,MATCH,AVAILABLE,Zayed International Airport,Terminal A | International Departure | Post security,3744
C10744,DAR,Julius Nyerere International Airport,Terminal 3,International Departure|Departure,International Departure,Post-security,AVAILABLE,3,MATCH,AVAILABLE,Julius Nyerere International Airport,Terminal 3 | International Departure | Post security,2496
C10743,DAR,Julius Nyerere International Airport,Terminal 2,International Departure|Departure,International Departure,Post-security,AVAILABLE,3,MATCH,AVAILABLE,Julius Nyerere International Airport,Terminal 2 | International Departure | Post security,2496
C10742,DAR,Julius Nyerere International Airport,Terminal 1,International Departure|Departure,International Departure,Post-security,AVAILABLE,3,MATCH,AVAILABLE,Julius Nyerere International Airport,Terminal 1 | International Departure | Post security,2496
C10741,MXP,Milan Malpensa Airport,Terminal 2,International Departure,International Departure,Post-security,AVAILABLE,2,MATCH,AVAILABLE,Milan Malpensa Airport,Terminal 2 | International Departure | Post security,1248
C10406,PKX,BeiJing Daxing International Airport(Main Terminal),Main Terminal,Departure,Departure,Post-security,AVAILABLE,2,MATCH,AVAILABLE,BeiJing Daxing International Airport(Main Terminal),Main Terminal | Departure | Post security,748.8
C10405,KMG,Changshui International Airport(Main terminal)Domestic Departure,Main Terminal,Departure,Departure,Post-security,AVAILABLE,1,MATCH,AVAILABLE,Changshui International Airport(Main terminal)Domestic Departure,Main Terminal | Departure | Post security,1123.2
C10404,CSX,Huanghua International Airport(Terminal 2)Domestic Departure,Terminal 2,Departure,Departure,Post-security,AVAILABLE,2,MATCH,AVAILABLE,Huanghua International Airport(Terminal 2)Domestic Departure,Terminal 2 | Departure | Post security,748.8
C10403,CSX,Huanghua International Airport(Terminal 1)Domestic Departure,Terminal 1,Departure,Departure,Post-security,AVAILABLE,2,MATCH,AVAILABLE,Huanghua International Airport(Terminal 1)Domestic Departure,Terminal 1 | Departure | Post security,748.8
C10627,WNZ,WenZhou LongWan International Airport(T2),Terminal 2,Departure,Departure,Post-security,AVAILABLE,1,MATCH,AVAILABLE,WenZhou LongWan International Airport(T2),Terminal 2 | Departure | Post security,748.8
C10625,HAK,HaiKou MeiLan International Airport(T1),Terminal 1,Departure,Departure,Post-security,AVAILABLE,2,MATCH,AVAILABLE,HaiKou MeiLan International Airport(T1),Terminal 1 | Departure | Post security,873.6
C10624,HAK,HaiKou MeiLan International Airport(T2),Terminal 2,Departure,Departure,Post-security,AVAILABLE,2,MATCH,AVAILABLE,HaiKou MeiLan International Airport(T2),Terminal 2 | Departure | Post security,873.6
C10623,TXN,HuangShan TunXi International Airport(Main Terminal),Main Terminal,Departure,Departure,Post-security,AVAILABLE,1,MATCH,AVAILABLE,HuangShan TunXi International Airport(Main Terminal),Main Terminal | Departure | Post security,748.8
C10739,CKG,Jiangbei International Airport (Terminal 3A) Domestic Departure - 01,Terminal 3,Departure,Departure,Post-security,AVAILABLE,2,MATCH,AVAILABLE,Jiangbei International Airport (Terminal 3A) Domestic Departure - 01,Terminal 3 | Departure | Post security,624
C10735,TRN,Turin Airport,Main Terminal,International Departure|Departure,International Departure,Post-security,AVAILABLE,1,MATCH,AVAILABLE,Turin Airport,Main Terminal | International Departure | Post security,1123.2
C10731,DXB,Dubai International Airport,Terminal 3,International Arrival,International Arrival,Post-security,AVAILABLE,6,MATCH,AVAILABLE,Dubai International Airport,Terminal 3 | International Arrival | Post security,3369.6
C10730,DXB,Dubai International Airport,Terminal 3,International Departure,International Departure,Post-security,AVAILABLE,6,MATCH,AVAILABLE,Dubai International Airport,Terminal 3 | International Departure | Post security,3369.6
C10503,TLL,Lennart Meri Tallinn Airport(Main Terminal)International Departure,Main Terminal,Departure,Departure,Post-security,AVAILABLE,1,MATCH,AVAILABLE,Lennart Meri Tallinn Airport(Main Terminal)International Departure,Main Terminal | Departure | Post security,1497.6
C10729,DXB,Dubai International Airport,Terminal 2,International Arrival,International Arrival,Post-security,AVAILABLE,6,MATCH,AVAILABLE,Dubai International Airport,Terminal 2 | International Arrival | Post security,3369.6
C10728,DXB,Dubai International Airport,Terminal 2,International Departure,International Departure,Post-security,AVAILABLE,6,MATCH,AVAILABLE,Dubai International Airport,Terminal 2 | International Departure | Post security,3369.6
C10727,DXB,Dubai International Airport,Terminal 1,International Arrival,International Arrival,Post-security,AVAILABLE,6,MATCH,AVAILABLE,Dubai International Airport,Terminal 1 | International Arrival | Post security,3369.6
C10726,DXB,Dubai International Airport,Terminal 1,International Departure,International Departure,Post-security,AVAILABLE,6,MATCH,AVAILABLE,Dubai International Airport,Terminal 1 | International Departure | Post security,3369.6
C10723,HKT,Phuket International Airport (International Terminal),International Terminal,International Departure,International Departure,Post-security,AVAILABLE,2,MATCH,AVAILABLE,Phuket International Airport (International Terminal),International Terminal | International Departure | Post security,2745.6
C10720,EZE,Ezeiza International Airport,International Terminal,International Departure,International Departure,Post-security,AVAILABLE,1,MATCH,AVAILABLE,Ezeiza International Airport,International Terminal | International Departure | Post security,2496
C10716,TFN,Tenerife North Airport,Main Terminal,International Departure|Departure,International Departure,Post-security,AVAILABLE,1,MATCH,AVAILABLE,Tenerife North Airport,Main Terminal | International Departure | Post security,1497.6
C10715,VGO,Vigo Airport,Main Terminal,International Departure|Departure,International Departure,Post-security,AVAILABLE,1,MATCH,AVAILABLE,Vigo Airport,Main Terminal | International Departure | Post security,1622.4
C10714,IBZ,Ibiza Airport,Main Terminal,International Departure|Departure,International Departure,Post-security,AVAILABLE,1,MATCH,AVAILABLE,Ibiza Airport,Main Terminal | International Departure | Post security,1622.4
C10711,PEK,Beijing Capital International Airport T3 Domestic departures (L Island),Terminal 3,Departure,Departure,Post-security,AVAILABLE,2,MATCH,AVAILABLE,Beijing Capital International Airport T3 Domestic departures (L Island),Terminal 3 | Departure | Post security,624
C10824,BKK,Suvarnabhumi Airport-Domestic Arrival,Main Terminal,Arrival,Arrival,Pre-security,AVAILABLE,4,MATCH,AVAILABLE,Suvarnabhumi Airport-Domestic Arrival,Main Terminal | Arrival | Pre security,5865.6
C10823,BKK,Suvarnabhumi Airport-International Arrival,Main Terminal,International Arrival,International Arrival,Post-security,AVAILABLE,4,MATCH,AVAILABLE,Suvarnabhumi Airport-International Arrival,Main Terminal | International Arrival | Post security,5865.6
C10822,BKK,Suvarnabhumi Airport- Domestic Departure,Main Terminal,Departure,Departure,Post-security,AVAILABLE,4,MATCH,AVAILABLE,Suvarnabhumi Airport- Domestic Departure,Main Terminal | Departure | Post security,5865.6
C10820,BKK,Suvarnabhumi Airport-International Departure,Main Terminal,International Departure,International Departure,Post-security,AVAILABLE,4,MATCH,AVAILABLE,Suvarnabhumi Airport-International Departure,Main Terminal | International Departure | Post security,5865.6
C10708,WUH,WuHan TianHe Airport(T3),Terminal 3,Departure,Departure,Post-security,AVAILABLE,3,MATCH,AVAILABLE,WuHan TianHe Airport(T3),Terminal 3 | Departure | Post security,1123.2
C10705,ZUH,Sanzao International Airport(Main Terminal) Domestic Departure - F Concourse,Main Terminal,Departure,Departure,Post-security,AVAILABLE,1,MATCH,AVAILABLE,Sanzao International Airport(Main Terminal) Domestic Departure - F Concourse,Main Terminal | Departure | Post security,748.8
C10702,ATH,Athens International Airport,Main Terminal,International Departure,International Departure,Post-security,AVAILABLE,1,MATCH,AVAILABLE,Athens International Airport,Main Terminal | International Departure | Post security,748.8
C10817,SGN,Tan Son Nhat International Airport- Domestic Departure,Terminal 1,Departure,Departure,Post-security,AVAILABLE,4,MATCH,AVAILABLE,Tan Son Nhat International Airport- Domestic Departure,Terminal 1 | Departure | Post security,2496
C10816,SGN,Tan Son Nhat International Airport-Domestic Arrival,Terminal 1,Arrival,Arrival,Post-security,AVAILABLE,4,MATCH,AVAILABLE,Tan Son Nhat International Airport-Domestic Arrival,Terminal 1 | Arrival | Post security,1747.2
C10815,SGN,Tan Son Nhat International Airport- International Arrival,Terminal 2,International Arrival,International Arrival,Post-security,AVAILABLE,4,MATCH,AVAILABLE,Tan Son Nhat International Airport- International Arrival,Terminal 2 | International Arrival | Post security,2745.6
C10814,DAD,Da Nang International Airport-International Departure,Terminal 2,International Departure,International Departure,Post-security,AVAILABLE,3,MATCH,AVAILABLE,Da Nang International Airport-International Departure,Terminal 2 | International Departure | Post security,3369.6
C10813,SGN,Tan Son Nhat International Airport- International Departure,Terminal 2,International Departure,International Departure,Post-security,AVAILABLE,4,MATCH,AVAILABLE,Tan Son Nhat International Airport- International Departure,Terminal 2 | International Departure | Post security,3993.6
C10911,AUH,Zayed International Airport (Arrivals),Terminal A,International Arrival,International Arrival,Post Security,AVAILABLE,2,MATCH,AVAILABLE,Zayed International Airport (Arrivals),Terminal A | International Arrival | Post Security,1622.4
C10896,FEZ,Fes Sais International Airport Arrivals,Main Terminal,International Arrival,International Arrival,Post Security,AVAILABLE,2,MATCH,AVAILABLE,Fes Sais International Airport Arrivals,Main Terminal | International Arrival | Post Security,4243.2
C10895,TNG,Ibn Battouta Airport Arrivals,Main Terminal,International Arrival,International Arrival,Post Security,AVAILABLE,2,MATCH,AVAILABLE,Ibn Battouta Airport Arrivals,Main Terminal | International Arrival | Post Security,4243.2
C10894,AGA,Agadir Massira Airport Arrivals,Main Terminal,International Arrival,International Arrival,Post Security,AVAILABLE,2,MATCH,AVAILABLE,Agadir Massira Airport Arrivals,Main Terminal | International Arrival | Post Security,4243.2
C10893,CMN,Mohamed V Airport Arrivals,Terminal 1,International Arrival,International Arrival,Post Security,AVAILABLE,2,MATCH,AVAILABLE,Mohamed V Airport Arrivals,Terminal 1 | International Arrival | Post Security,5116.8
C10892,RBA,Rabat Sale Airport Arrivals,Terminal 1,International Arrival,International Arrival,Post Security,AVAILABLE,2,MATCH,AVAILABLE,Rabat Sale Airport Arrivals,Terminal 1 | International Arrival | Post Security,4243.2
C10891,RAK,Marrakesh Menara Airport Arrivals,Terminal 1,International Arrival,International Arrival,Post Security,AVAILABLE,2,MATCH,AVAILABLE,Marrakesh Menara Airport Arrivals,Terminal 1 | International Arrival | Post Security,9360
C10890,EVN,Zvartnots International Airport Arrivals,Main Terminal,International Arrival,International Arrival,Post Security,AVAILABLE,2,MATCH,AVAILABLE,Zvartnots International Airport Arrivals,Main Terminal | International Arrival | Post Security,1747.2
C10889,FEZ,Fes Sais International Airport Departures,Terminal 1,International Departure,International Departure,Pre Security,AVAILABLE,2,MATCH,AVAILABLE,Fes Sais International Airport Departures,Terminal 1 | International Departure | Pre Security,4243.2
C10888,TNG,Ibn Battouta Airport,Terminal 1,International Departure,International Departure,Pre Security,AVAILABLE,2,MATCH,AVAILABLE,Ibn Battouta Airport,Terminal 1 | International Departure | Pre Security,4243.2
C10887,AGA,Agadir Massira Airport Departures,Terminal 1,International Departure,International Departure,Pre Security,AVAILABLE,2,MATCH,AVAILABLE,Agadir Massira Airport Departures,Terminal 1 | International Departure | Pre Security,4243.2
C10886,CMN,Mohamed V Airport Departures,Terminal 1,International Departure,International Departure,Pre Security,AVAILABLE,2,MATCH,AVAILABLE,Mohamed V Airport Departures,Terminal 1 | International Departure | Pre Security,5116.8
C10885,RBA,Rabat Sale Airport Departures,Terminal 1,International Departure,International Departure,Pre Security,AVAILABLE,2,MATCH,AVAILABLE,Rabat Sale Airport Departures,Terminal 1 | International Departure | Pre Security,4243.2
C10884,RAK,Marrakech Menara Airport Departures,Terminal 1,International Departure,International Departure,Pre Security,AVAILABLE,2,MATCH,AVAILABLE,Marrakech Menara Airport Departures,Terminal 1 | International Departure | Pre Security,9360
C10883,AMD,Sardar Vallabhbhai Patel International Airport Terminal ２ Departure,Terminal 2,Departure|International Departure,Departure,Pre Security,AVAILABLE,2,MATCH,AVAILABLE,Sardar Vallabhbhai Patel International Airport Terminal ２ Departure,Terminal 2 | Departure | Pre Security,3993.6
C10882,AMD,Sardar Vallabhbhai Patel International Airport Terminal 1 Departure,Terminal 1,Departure|International Departure,Departure,Pre Security,AVAILABLE,2,MATCH,AVAILABLE,Sardar Vallabhbhai Patel International Airport Terminal 1 Departure,Terminal 1 | Departure | Pre Security,3993.6
C10881,JAI,Jaipur International Airport Terminal 2 Departure,Terminal 2,Departure|International Departure,Departure,Pre Security,AVAILABLE,2,MATCH,AVAILABLE,Jaipur International Airport Terminal 2 Departure,Terminal 2 | Departure | Pre Security,3993.6
C10880,JAI,Jaipur International Airport Terminal 1 Departure,Terminal 1,Departure|International Departure,Departure,Pre Security,AVAILABLE,2,MATCH,AVAILABLE,Jaipur International Airport Terminal 1 Departure,Terminal 1 | Departure | Pre Security,3993.6
C10879,LKO,Chaudhary Charan Singh International Airport Terminal 3 Departure,Terminal 3,Departure|International Departure,Departure,Pre Security,AVAILABLE,3,MATCH,AVAILABLE,Chaudhary Charan Singh International Airport Terminal 3 Departure,Terminal 3 | Departure | Pre Security,3993.6
C10878,LKO,Chaudhary Charan Singh International Airport Terminal 1 Departure,Terminal 1,Departure|International Departure,Departure,Pre Security,AVAILABLE,3,MATCH,AVAILABLE,Chaudhary Charan Singh International Airport Terminal 1 Departure,Terminal 1 | Departure | Pre Security,3993.6
C10877,LKO,Chaudhary Charan Singh International Airport Terminal 2 Departure,Terminal 2,Departure|International Departure,Departure,Pre Security,AVAILABLE,3,MATCH,AVAILABLE,Chaudhary Charan Singh International Airport Terminal 2 Departure,Terminal 2 | Departure | Pre Security,3993.6
C10876,TRV,Trivandrum International Airport Terminal 2 Departure,Terminal 2,Departure|International Departure,Departure,Pre Security,AVAILABLE,2,MATCH,AVAILABLE,Trivandrum International Airport Terminal 2 Departure,Terminal 2 | Departure | Pre Security,3993.6
C10875,TRV,Trivandrum International Airport Terminal 1 Departure,Terminal 1,Departure|International Departure,Departure,Pre Security,AVAILABLE,2,MATCH,AVAILABLE,Trivandrum International Airport  Terminal 1 Departure,Terminal 1 | Departure | Pre Security,3993.6
C10874,IXE,Mangalore International Airport Departure,Main Terminal,Departure|International Departure,Departure,Pre Security,AVAILABLE,1,MATCH,AVAILABLE,Mangalore International Airport Departure,Main Terminal | Departure | Pre Security,3993.6
C10873,GAU,Lokpriya Gopinath Bordoloi International Airport Terminal 1 Departure,Terminal 1,Departure|International Departure,Departure,Pre Security,AVAILABLE,1,MATCH,AVAILABLE,Lokpriya Gopinath Bordoloi International Airport Terminal 1 Departure,Terminal 1 | Departure | Pre Security,3993.6
C10872,BOM,Chhatrapati Shivaji Maharaj International Airport Terminal 2 Departure,Terminal 2,Departure|International Departure,Departure,Pre Security,AVAILABLE,2,MATCH,AVAILABLE,Chhatrapati Shivaji Maharaj International Airport Terminal 2 Departure,Terminal 2 | Departure | Pre Security,3993.6
C10871,BOM,Chhatrapati Shivaji Maharaj International Airport Terminal 1 Departure,Terminal 1,Departure|International Departure,Departure,Pre Security,AVAILABLE,2,MATCH,AVAILABLE,Chhatrapati Shivaji Maharaj International Airport Terminal 1 Departure,Terminal 1 | Departure | Pre Security,3993.6
C10865,IST,Istanbul Airport,Main Terminal,International Arrival,International Arrival,Post Security,AVAILABLE,3,MATCH,AVAILABLE (title differs),Arrivals,Main Terminal | International Arrival | Post Security,2246.4
C10864,IST,Istanbul Airport,Main Terminal,International Departure,International Departure,Pre Security,AVAILABLE,3,MATCH,AVAILABLE,Istanbul Airport - Depratures,Main Terminal | International Departure | Pre security,2745.6
C10858,VTE,Wattay International Airport International Arrival,Main Terminal,International Arrival,International Arrival,Post Security,AVAILABLE,2,MATCH,AVAILABLE,Wattay International Airport International Arrival,Main Terminal | International Arrival | Post Security,4742.39
C10857,VTE,Wattay International Airport International Departure,Main Terminal,International Departure,International Departure,Pre Security,AVAILABLE,2,MATCH,AVAILABLE,Wattay International Airport - International Departures,Main Terminal | International Departure | Pre Security,4742.39
C10854,RUH,King Khalid International Airport Terminal 2 Arrivals,Terminal 2,International Arrival,,Post Security,AVAILABLE,2,PARTIAL,EMPTY,,,
C10853,RUH,King Khalid International Airport Terminal 2 Arrivals,Terminal 1,International Arrival,International Arrival,Post Security,AVAILABLE,2,MATCH,AVAILABLE,King Khalid International Airport Terminal 1 Arrivals,Terminal 1 | International Arrival | Post Security,2496
C10850,RUH,Kingdom of Saudi Arabia Terminal 2 Departures,Terminal 2,International Departure,,Pre Security,AVAILABLE,2,PARTIAL,EMPTY,,,
C10849,RUH,King Khalid International Airport Terminal 1 Departures,Terminal 1,International Departure,International Departure,Pre Security,AVAILABLE,2,MATCH,AVAILABLE,King Khalid International Airport Terminal 1 Departures,Terminal 1 | International Departure | Pre Security,2496
C10844,AMM,Queen Alia International Airport - Departures,Main Terminal,International Departure|Departure,International Departure,Pre Security,AVAILABLE,1,MATCH,AVAILABLE,Queen Alia International Airport - Departures,Main Terminal | International Departure | Pre Security,1123.2
C10838,PRG,Vaclav Havel Prague Airport,Terminal 2,Departure|International Departure,Departure,Pre Security,AVAILABLE,1,MATCH,AVAILABLE,Vaclav Havel Prague Airport,Terminal 2 | Departure | Pre Security,1372.8
C10827,JNB,O.R. Tambo International Airport - Terminal B - Departures,Terminal B,Departure,,Pre Security,AVAILABLE,2,MATCH,EMPTY,,,
C10825,JNB,O.R. Tambo International Airport - Terminal A - Departures,Terminal A,International Departure,International Departure,Pre Security,AVAILABLE,2,MATCH,AVAILABLE,O.R. Tambo International Airport - Terminal A - Departures,Terminal A | International Departure | Pre Security,9859.2
C10408,CAN,GuangZhou BaiYun International Airport(T2),Terminal 2,Departure,Departure,pre Security,AVAILABLE,1,MATCH,AVAILABLE,GuangZhou BaiYun International Airport (T2),Terminal 2 | Departure | pre Security,748.8
C10580,WAW,Warsaw Chopin Airport,Terminal A,Departure|International Departure,Departure,Pre Security,AVAILABLE,1,MATCH,AVAILABLE,Warsaw Chopin Airport,Terminal A | Departure | Pre Security,1372.8
C10198,PVG,Pudong International Airport(Terminal 2)Domestic Departure,Terminal 2,Departure,Departure,Pre Security,AVAILABLE,1,MATCH,AVAILABLE (title differs),Pudong International Airport (Terminal 2) Domestic Departure,Terminal 2 | Departure | Pre Security,748.8
C10415,SVQ,Seville Airport(Main terminal)International Departure,Main Terminal,International Departure|Departure,International Departure,Pre Security,AVAILABLE,1,MATCH,AVAILABLE,Seville Airport (Main terminal) International Departure,Main Terminal | International Departure | Pre Security,1747.2